"0",""
"0","fig153_teed <- subset (fig153_teed, TYYP != c(""Tänav""), select=c(NIMETUS,TYYP, geometry))"
"0","fig153_teed <- subset (fig153_teed, TYYP != c(""Kõrvalmaantee""), select=c(NIMETUS,TYYP, geometry))"
"0","fig153_teed <- subset (fig153_teed, TYYP != c(""Muu tee""), select=c(NIMETUS,TYYP, geometry))"
"0","fig153_teed <- subset (fig153_teed, TYYP != c(""Ramp või ühendustee""), select=c(NIMETUS,TYYP, geometry))"
"0",""
"0","fig153_teed$TYYP <- ""Põhi- või tugimaantee"""
"0",""
"0","fig_153_plot <- tm_shape(fig153_asustusuksus) + "
"0","    tm_fill(""VAARTUS"", title=""Elanike osatähtsus, kellel on hea ühistranspordi kättesaadavus (%)"", breaks=c(0,1,25,50,75,100), palette = c(""#E6E3DA"", ""#DAD4E6"",""#B6A8CD"", ""#917DB5"",""#482683"")) +"
"0","    tm_borders(col=""white"", alpha=0) +"
"0","  "
"0","    tm_layout("
"0","      outer.margins=0, inner.margins=c(.02, .1, .02, .02),asp=1920/1080,"
"0","      legend.outside = FALSE,"
"0","      legend.format=list(text.separator=""kuni""),"
"0","      frame = FALSE) +"
"0",""
"0","    tm_shape(fig153_teed) + tm_lines(col = ""TYYP"", legend.col.show = TRUE,palette = c(""#3A404A"", ""#3A404A""), title.col="""") +"
"0","    tm_layout("
"0","      legend.position = c(""left"",""top"")"
"0","    )"
"0",""
"0","  "
"0","#fig_153_plot"
"0","  "
"0","#tmap_save(tm = fig_153_plot, filename = ""figure153.png"")"
"0","tmap_save(tm = fig_153_plot, filename = ""figure153.pdf"")"
"0",""
"0","#svg(filename=""figure.svg"")"
"0","#fig_153_plot"
"0","#dev.off()"
"0",""
