date,time
2018-12-20,23:55
2018-12-20,0:00
2018-12-20,0:00
2018-12-20,0:00
2018-12-20,0:00
2018-12-20,0:00
2018-12-20,0:00
2018-12-20,0:00
2018-12-19,21:38
2018-12-19,6:01
2018-12-19,0:00
2018-12-19,0:00
2018-12-19,0:00
2018-12-18,23:58
2018-12-18,16:40
2018-12-18,13:13
2018-12-18,12:11
2018-12-18,10:12
2018-12-18,6:30
2018-12-18,0:05
2018-12-18,0:00
2018-12-18,0:00
2018-12-14,12:15
2018-12-14,0:00
2018-12-14,0:00
2018-12-14,0:00
2018-12-14,0:00
2018-12-14,0:00
2018-12-14,0:00
2018-12-14,0:00
2018-12-13,23:55
2018-12-13,23:55
2018-12-13,0:01
2018-12-13,0:00
2018-12-13,0:00
2018-12-13,0:00
2018-12-12,14:05
2018-12-11,2:00
2018-12-11,0:00
2018-12-11,0:00
2018-12-11,0:00
2018-12-10,21:00
2018-12-10,16:00
2018-12-10,16:00
2018-12-10,13:47
2018-12-10,8:32
2018-12-10,8:32
2018-12-10,7:56
2018-12-10,7:30
2018-12-10,7:15
2018-12-10,6:53
2018-12-10,6:30
2018-12-10,0:01
2018-12-10,0:00
2018-12-09,10:02
2018-12-08,12:05
2018-12-08,0:01
2018-12-08,0:00
2018-12-08,0:00
2018-12-07,11:00
2018-12-07,0:00
2018-12-07,0:00
2018-12-07,0:00
2018-12-06,23:55
2018-12-06,18:28
2018-12-06,13:05
2018-12-06,12:15
2018-12-06,7:36
2018-12-06,0:00
2018-12-06,0:00
2018-12-05,18:16
2018-12-05,17:30
2018-12-05,17:04
2018-12-05,11:55
2018-12-05,8:00
2018-12-05,0:10
2018-12-05,0:00
2018-12-04,10:20
2018-12-04,9:00
2018-12-03,0:00
2018-12-02,23:55
2018-12-01,0:00
2018-12-01,0:00
2018-12-01,0:00
2018-12-01,0:00
2018-12-01,0:00
2018-12-01,0:00
2018-12-01,0:00
2018-12-01,0:00
2018-11-30,0:18
2018-11-30,0:00
2018-11-30,0:00
2018-11-29,10:45
2018-11-29,8:00
2018-11-29,2:54
2018-11-29,1:22
2018-11-29,0:10
2018-11-29,0:05
2018-11-29,0:05
2018-11-29,0:02
2018-11-29,0:02
2018-11-29,0:02
2018-11-29,0:00
2018-11-29,0:00
2018-11-29,0:00
2018-11-29,0:00
2018-11-29,0:00
2018-11-29,0:00
2018-11-29,0:00
2018-11-29,0:00
2018-11-29,0:00
2018-11-29,0:00
2018-11-29,0:00
2018-11-29,0:00
2018-11-29,0:00
2018-11-29,0:00
2018-11-29,0:00
2018-11-28,18:37
2018-11-28,14:06
2018-11-28,14:05
2018-11-28,14:00
2018-11-28,11:35
2018-11-28,11:35
2018-11-28,7:24
2018-11-28,6:03
2018-11-28,0:35
2018-11-28,0:00
2018-11-28,0:00
2018-11-28,0:00
2018-11-27,0:06
2018-11-27,0:00
2018-11-27,0:00
2018-11-27,0:00
2018-11-27,0:00
2018-11-26,10:05
2018-11-26,7:35
2018-11-26,0:00
2018-11-24,9:19
2018-11-24,0:00
2018-11-23,0:00
2018-11-23,0:00
2018-11-22,8:20
2018-11-22,0:00
2018-11-22,0:00
2018-11-22,0:00
2018-11-21,22:00
2018-11-21,19:55
2018-11-21,19:55
2018-11-21,17:31
2018-11-21,17:30
2018-11-21,0:01
2018-11-21,0:00
2018-11-21,0:00
2018-11-21,0:00
2018-11-20,23:55
2018-11-20,23:55
2018-11-20,14:34
2018-11-20,14:05
2018-11-20,0:00
2018-11-20,0:00
2018-11-19,14:58
2018-11-18,20:58
2018-11-18,19:37
2018-11-18,18:28
2018-11-18,14:37
2018-11-17,10:30
2018-11-17,10:00
2018-11-17,1:44
2018-11-17,0:17
2018-11-17,0:00
2018-11-16,11:05
2018-11-16,0:00
2018-11-16,0:00
2018-11-16,0:00
2018-11-15,5:44
2018-11-15,0:06
2018-11-15,0:05
2018-11-15,0:00
2018-11-15,0:00
2018-11-15,0:00
2018-11-15,0:00
2018-11-15,0:00
2018-11-15,0:00
2018-11-14,11:57
2018-11-14,11:38
2018-11-14,10:17
2018-11-14,10:06
2018-11-14,0:25
2018-11-14,0:10
2018-11-14,0:01
2018-11-14,0:00
2018-11-14,0:00
2018-11-14,0:00
2018-11-14,0:00
2018-11-13,22:13
2018-11-13,20:58
2018-11-13,15:15
2018-11-13,15:15
2018-11-13,13:49
2018-11-13,13:05
2018-11-13,12:02
2018-11-13,6:53
2018-11-13,0:01
2018-11-13,0:01
2018-11-13,0:01
2018-11-13,0:00
2018-11-13,0:00
2018-11-13,0:00
2018-11-13,0:00
2018-11-13,0:00
2018-11-12,17:34
2018-11-12,13:25
2018-11-12,12:15
2018-11-12,9:00
2018-11-12,8:32
2018-11-12,8:00
2018-11-12,6:03
2018-11-12,0:00
2018-11-12,0:00
2018-11-11,19:58
2018-11-11,18:58
2018-11-11,16:00
2018-11-11,13:00
2018-11-11,12:05
2018-11-11,12:05
2018-11-10,19:55
2018-11-10,12:05
2018-11-10,11:05
2018-11-10,8:00
2018-11-10,0:05
2018-11-10,0:01
2018-11-10,0:00
2018-11-10,0:00
2018-11-10,0:00
2018-11-10,0:00
2018-11-10,0:00
2018-11-10,0:00
2018-11-09,20:58
2018-11-09,20:10
2018-11-09,18:55
2018-11-09,18:28
2018-11-09,18:00
2018-11-09,17:00
2018-11-09,17:00
2018-11-09,16:36
2018-11-09,16:30
2018-11-09,16:26
2018-11-09,15:00
2018-11-09,15:00
2018-11-09,14:00
2018-11-09,12:01
2018-11-09,12:00
2018-11-09,11:05
2018-11-09,0:15
2018-11-09,0:00
2018-11-09,0:00
2018-11-09,0:00
2018-11-09,0:00
2018-11-09,0:00
2018-11-09,0:00
2018-11-09,0:00
2018-11-09,0:00
2018-11-09,0:00
2018-11-09,0:00
2018-11-09,0:00
2018-11-09,0:00
2018-11-09,0:00
2018-11-08,19:03
2018-11-08,18:55
2018-11-08,18:28
2018-11-08,18:00
2018-11-08,18:00
2018-11-08,17:33
2018-11-08,17:31
2018-11-08,17:30
2018-11-08,17:22
2018-11-08,17:21
2018-11-08,17:00
2018-11-08,16:06
2018-11-08,16:05
2018-11-08,16:00
2018-11-08,15:30
2018-11-08,15:20
2018-11-08,15:18
2018-11-08,15:10
2018-11-08,15:06
2018-11-08,15:00
2018-11-08,15:00
2018-11-08,14:05
2018-11-08,14:05
2018-11-08,14:00
2018-11-08,13:05
2018-11-08,13:00
2018-11-08,13:00
2018-11-08,12:08
2018-11-08,12:08
2018-11-08,12:08
2018-11-08,12:00
2018-11-08,12:00
2018-11-08,11:58
2018-11-08,10:00
2018-11-08,9:00
2018-11-08,6:53
2018-11-08,0:07
2018-11-08,0:00
2018-11-08,0:00
2018-11-08,0:00
2018-11-08,0:00
2018-11-08,0:00
2018-11-08,0:00
2018-11-08,0:00
2018-11-08,0:00
2018-11-08,0:00
2018-11-08,0:00
2018-11-08,0:00
2018-11-08,0:00
2018-11-07,23:55
2018-11-07,16:47
2018-11-07,16:47
2018-11-07,13:05
2018-11-07,10:59
2018-11-07,9:09
2018-11-07,7:15
2018-11-07,7:00
2018-11-07,0:05
2018-11-07,0:01
2018-11-07,0:01
2018-11-07,0:00
2018-11-07,0:00
2018-11-07,0:00
2018-11-07,0:00
2018-11-07,0:00
2018-11-07,0:00
2018-11-06,23:57
2018-11-06,15:15
2018-11-06,13:30
2018-11-06,12:00
2018-11-06,10:38
2018-11-06,9:00
2018-11-06,8:00
2018-11-06,7:56
2018-11-06,7:30
2018-11-06,6:53
2018-11-06,0:01
2018-11-06,0:00
2018-11-06,0:00
2018-11-06,0:00
2018-11-05,23:58
2018-11-05,13:06
2018-11-05,10:10
2018-11-05,0:05
2018-11-05,0:00
2018-11-05,0:00
2018-11-04,13:00
2018-11-03,12:51
2018-11-03,0:00
2018-11-03,0:00
2018-11-03,0:00
2018-11-03,0:00
2018-11-03,0:00
2018-11-02,21:32
2018-11-02,18:35
2018-11-02,18:00
2018-11-02,17:48
2018-11-02,16:00
2018-11-02,15:45
2018-11-02,15:00
2018-11-02,14:10
2018-11-02,14:08
2018-11-02,14:05
2018-11-02,13:01
2018-11-02,10:58
2018-11-02,0:15
2018-11-02,0:01
2018-11-02,0:00
2018-11-02,0:00
2018-11-02,0:00
2018-11-02,0:00
2018-11-02,0:00
2018-11-02,0:00
2018-11-02,0:00
2018-11-02,0:00
2018-11-01,23:55
2018-11-01,21:23
2018-11-01,20:58
2018-11-01,18:55
2018-11-01,18:05
2018-11-01,17:50
2018-11-01,16:20
2018-11-01,16:00
2018-11-01,15:34
2018-11-01,15:00
2018-11-01,14:04
2018-11-01,13:31
2018-11-01,13:31
2018-11-01,12:00
2018-11-01,4:54
2018-11-01,0:05
2018-11-01,0:00
2018-11-01,0:00
2018-11-01,0:00
2018-11-01,0:00
2018-11-01,0:00
2018-11-01,0:00
2018-10-31,10:28
2018-10-31,0:25
2018-10-31,0:01
2018-10-31,0:00
2018-10-31,0:00
2018-10-31,0:00
2018-10-31,0:00
2018-10-31,0:00
2018-10-31,0:00
2018-10-31,0:00
2018-10-30,19:58
2018-10-30,18:55
2018-10-30,18:28
2018-10-30,18:28
2018-10-30,18:04
2018-10-30,18:01
2018-10-30,18:01
2018-10-30,18:00
2018-10-30,17:55
2018-10-30,17:55
2018-10-30,17:23
2018-10-30,17:20
2018-10-30,16:05
2018-10-30,16:00
2018-10-30,15:13
2018-10-30,15:10
2018-10-30,15:00
2018-10-30,15:00
2018-10-30,14:05
2018-10-30,13:26
2018-10-30,11:40
2018-10-30,6:53
2018-10-30,3:23
2018-10-30,0:00
2018-10-30,0:00
2018-10-29,21:31
2018-10-29,21:31
2018-10-29,19:20
2018-10-29,18:28
2018-10-29,15:26
2018-10-29,12:41
2018-10-29,11:03
2018-10-29,10:24
2018-10-29,0:00
2018-10-28,20:07
2018-10-28,12:05
2018-10-28,12:05
2018-10-28,11:15
2018-10-27,11:00
2018-10-27,10:00
2018-10-27,0:05
2018-10-27,0:01
2018-10-27,0:00
2018-10-27,0:00
2018-10-27,0:00
2018-10-27,0:00
2018-10-27,0:00
2018-10-27,0:00
2018-10-27,0:00
2018-10-26,15:32
2018-10-26,9:00
2018-10-26,9:00
2018-10-26,8:56
2018-10-26,8:00
2018-10-26,6:03
2018-10-26,0:01
2018-10-26,0:00
2018-10-26,0:00
2018-10-26,0:00
2018-10-26,0:00
2018-10-26,0:00
2018-10-25,23:59
2018-10-25,20:58
2018-10-25,18:58
2018-10-25,18:55
2018-10-25,18:28
2018-10-25,17:54
2018-10-25,16:25
2018-10-25,9:00
2018-10-25,8:56
2018-10-25,8:39
2018-10-25,8:01
2018-10-25,8:00
2018-10-25,7:33
2018-10-25,7:15
2018-10-25,6:53
2018-10-25,0:05
2018-10-25,0:05
2018-10-25,0:05
2018-10-25,0:00
2018-10-25,0:00
2018-10-25,0:00
2018-10-25,0:00
2018-10-25,0:00
2018-10-25,0:00
2018-10-25,0:00
2018-10-24,23:44
2018-10-24,17:33
2018-10-24,15:38
2018-10-24,0:00
2018-10-23,22:30
2018-10-23,21:50
2018-10-23,21:50
2018-10-23,18:05
2018-10-23,18:05
2018-10-23,16:30
2018-10-23,9:00
2018-10-22,0:01
2018-10-22,0:01
2018-10-22,0:00
2018-10-21,13:00
2018-10-21,13:00
2018-10-21,12:05
2018-10-20,14:05
2018-10-20,12:05
2018-10-20,11:05
2018-10-20,0:19
2018-10-20,0:19
2018-10-20,0:01
2018-10-20,0:00
2018-10-19,15:44
2018-10-19,8:37
2018-10-19,0:01
2018-10-19,0:00
2018-10-18,18:57
2018-10-18,17:00
2018-10-18,15:45
2018-10-18,14:00
2018-10-18,13:05
2018-10-18,13:00
2018-10-18,12:00
2018-10-18,9:30
2018-10-18,8:56
2018-10-18,7:54
2018-10-18,7:35
2018-10-18,0:00
2018-10-18,0:00
2018-10-18,0:00
2018-10-18,0:00
2018-10-18,0:00
2018-10-18,0:00
2018-10-17,18:55
2018-10-17,18:30
2018-10-17,18:00
2018-10-17,17:00
2018-10-17,17:00
2018-10-17,16:57
2018-10-17,16:57
2018-10-17,16:20
2018-10-17,15:08
2018-10-17,14:17
2018-10-17,14:00
2018-10-17,13:05
2018-10-17,13:01
2018-10-17,12:15
2018-10-17,12:00
2018-10-17,11:30
2018-10-17,11:04
2018-10-17,9:51
2018-10-17,7:52
2018-10-17,0:01
2018-10-17,0:01
2018-10-17,0:01
2018-10-17,0:00
2018-10-17,0:00
2018-10-17,0:00
2018-10-17,0:00
2018-10-16,18:00
2018-10-16,15:20
2018-10-16,15:00
2018-10-16,13:40
2018-10-16,13:00
2018-10-16,12:45
2018-10-16,12:00
2018-10-16,11:05
2018-10-16,11:00
2018-10-16,0:00
2018-10-15,18:47
2018-10-15,18:28
2018-10-15,18:00
2018-10-15,15:00
2018-10-15,14:00
2018-10-15,14:00
2018-10-15,13:51
2018-10-15,13:00
2018-10-15,12:47
2018-10-15,12:32
2018-10-15,10:24
2018-10-15,0:00
2018-10-15,0:00
2018-10-14,23:55
2018-10-14,21:35
2018-10-14,20:58
2018-10-14,18:00
2018-10-14,8:39
2018-10-13,0:00
2018-10-13,0:00
2018-10-13,0:00
2018-10-13,0:00
2018-10-12,17:21
2018-10-12,16:00
2018-10-12,15:25
2018-10-12,9:28
2018-10-12,8:37
2018-10-12,0:00
2018-10-12,0:00
2018-10-12,0:00
2018-10-12,0:00
2018-10-12,0:00
2018-10-11,23:55
2018-10-11,18:00
2018-10-11,17:00
2018-10-11,16:59
2018-10-11,15:00
2018-10-11,13:00
2018-10-11,12:07
2018-10-11,12:00
2018-10-11,11:01
2018-10-11,11:00
2018-10-11,10:25
2018-10-11,10:23
2018-10-11,10:23
2018-10-11,9:54
2018-10-11,9:30
2018-10-11,7:24
2018-10-11,0:00
2018-10-11,0:00
2018-10-11,0:00
2018-10-11,0:00
2018-10-11,0:00
2018-10-10,16:51
2018-10-10,14:41
2018-10-10,14:14
2018-10-10,14:14
2018-10-10,8:33
2018-10-09,3:21
2018-10-09,0:00
2018-10-09,0:00
2018-10-06,0:00
2018-10-06,0:00
2018-10-05,14:48
2018-10-05,14:44
2018-10-05,13:05
2018-10-05,13:05
2018-10-05,11:05
2018-10-05,10:36
2018-10-05,8:37
2018-10-05,7:42
2018-10-05,0:06
2018-10-05,0:00
2018-10-05,0:00
2018-10-05,0:00
2018-10-05,0:00
2018-10-05,0:00
2018-10-04,18:30
2018-10-04,17:41
2018-10-04,16:25
2018-10-04,15:12
2018-10-04,14:05
2018-10-04,11:58
2018-10-04,10:00
2018-10-04,0:07
2018-10-04,0:07
2018-10-04,0:07
2018-10-04,0:00
2018-10-04,0:00
2018-10-04,0:00
2018-10-04,0:00
2018-10-03,17:14
2018-10-03,6:53
2018-10-03,0:00
2018-10-03,0:00
2018-10-03,0:00
2018-10-02,23:55
2018-10-02,18:28
2018-10-02,16:00
2018-10-02,15:59
2018-10-02,13:10
2018-10-02,12:04
2018-10-02,7:13
2018-10-02,6:53
2018-10-02,0:00
2018-10-02,0:00
2018-10-01,16:22
2018-10-01,16:22
2018-10-01,9:06
2018-10-01,0:05
2018-10-01,0:05
2018-10-01,0:00
2018-10-01,0:00
2018-10-01,0:00
2018-10-01,0:00
2018-10-01,0:00
2018-10-01,0:00
2018-10-01,0:00
2018-10-01,0:00
2018-10-01,0:00
2018-10-01,0:00
2018-09-30,13:00
2018-09-30,12:56
2018-09-30,9:01
2018-09-29,18:58
2018-09-29,11:05
2018-09-29,10:00
2018-09-29,9:48
2018-09-29,9:00
2018-09-29,9:00
2018-09-29,0:00
2018-09-28,18:35
2018-09-28,14:16
2018-09-28,13:20
2018-09-28,13:03
2018-09-28,11:54
2018-09-28,9:00
2018-09-28,8:39
2018-09-28,0:00
2018-09-28,0:00
2018-09-28,0:00
2018-09-28,0:00
2018-09-28,0:00
2018-09-28,0:00
2018-09-28,0:00
2018-09-27,21:05
2018-09-27,20:58
2018-09-27,20:05
2018-09-27,19:17
2018-09-27,18:55
2018-09-27,18:28
2018-09-27,12:28
2018-09-27,10:00
2018-09-27,9:52
2018-09-27,9:02
2018-09-27,8:50
2018-09-27,5:39
2018-09-27,0:07
2018-09-27,0:00
2018-09-27,0:00
2018-09-27,0:00
2018-09-27,0:00
2018-09-26,21:38
2018-09-26,19:46
2018-09-26,19:33
2018-09-26,18:56
2018-09-26,13:05
2018-09-26,0:00
2018-09-25,14:05
2018-09-25,0:00
2018-09-24,11:53
2018-09-24,10:21
2018-09-24,9:44
2018-09-24,9:44
2018-09-24,0:00
2018-09-23,19:45
2018-09-23,18:00
2018-09-23,13:00
2018-09-22,8:55
2018-09-22,6:00
2018-09-22,0:00
2018-09-21,13:05
2018-09-20,0:00
2018-09-19,14:00
2018-09-19,13:45
2018-09-19,11:54
2018-09-19,6:53
2018-09-19,0:00
2018-09-18,23:02
2018-09-18,18:26
2018-09-18,11:14
2018-09-18,9:36
2018-09-18,8:29
2018-09-18,6:00
2018-09-18,0:00
2018-09-18,0:00
2018-09-18,0:00
2018-09-18,0:00
2018-09-17,23:55
2018-09-17,14:33
2018-09-17,14:33
2018-09-17,13:05
2018-09-17,0:00
2018-09-16,23:55
2018-09-16,13:00
2018-09-16,12:05
2018-09-14,11:05
2018-09-14,0:13
2018-09-14,0:05
2018-09-14,0:05
2018-09-14,0:00
2018-09-14,0:00
2018-09-14,0:00
2018-09-14,0:00
2018-09-14,0:00
2018-09-14,0:00
2018-09-13,23:57
2018-09-13,20:58
2018-09-13,20:11
2018-09-13,19:28
2018-09-13,18:58
2018-09-13,18:55
2018-09-13,18:28
2018-09-13,18:28
2018-09-13,18:00
2018-09-13,17:16
2018-09-13,16:00
2018-09-13,15:27
2018-09-13,15:00
2018-09-13,14:45
2018-09-13,14:01
2018-09-13,14:01
2018-09-13,12:25
2018-09-13,12:00
2018-09-13,11:37
2018-09-13,11:33
2018-09-13,9:44
2018-09-13,8:22
2018-09-13,6:38
2018-09-13,6:24
2018-09-13,0:00
2018-09-12,0:25
2018-09-12,0:00
2018-09-12,0:00
2018-09-11,23:55
2018-09-11,21:38
2018-09-11,17:09
2018-09-10,0:00
2018-09-07,18:00
2018-09-07,17:25
2018-09-07,15:00
2018-09-07,12:47
2018-09-07,12:15
2018-09-07,0:00
2018-09-07,0:00
2018-09-06,23:55
2018-09-06,16:05
2018-09-06,13:05
2018-09-06,0:05
2018-09-06,0:05
2018-09-05,18:58
2018-09-05,10:10
2018-09-05,0:00
2018-09-04,17:18
2018-09-04,11:15
2018-09-04,11:03
2018-09-03,8:32
2018-09-03,0:00
2018-09-03,0:00
2018-09-02,17:05
2018-09-01,16:05
2018-09-01,11:47
2018-09-01,0:00
2018-09-01,0:00
2018-08-31,12:59
2018-08-31,10:11
2018-08-31,0:00
2018-08-30,16:00
2018-08-30,14:31
2018-08-30,14:31
2018-08-30,14:00
2018-08-30,12:53
2018-08-30,12:36
2018-08-30,0:00
2018-08-30,0:00
2018-08-29,17:30
2018-08-29,16:19
2018-08-29,14:55
2018-08-29,0:00
2018-08-28,23:55
2018-08-28,10:56
2018-08-27,18:58
2018-08-27,18:55
2018-08-27,10:56
2018-08-25,11:05
2018-08-24,10:47
2018-08-24,0:00
2018-08-24,0:00
2018-08-23,23:57
2018-08-23,15:05
2018-08-23,13:11
2018-08-23,0:00
2018-08-23,0:00
2018-08-23,0:00
2018-08-23,0:00
2018-08-22,12:15
2018-08-22,10:30
2018-08-22,6:00
2018-08-22,0:00
2018-08-22,0:00
2018-08-22,0:00
2018-08-21,23:55
2018-08-21,12:09
2018-08-21,11:16
2018-08-21,11:08
2018-08-21,11:07
2018-08-21,10:15
2018-08-21,8:30
2018-08-21,7:30
2018-08-21,0:01
2018-08-21,0:01
2018-08-21,0:00
2018-08-20,23:55
2018-08-20,20:11
2018-08-20,9:35
2018-08-18,0:00
2018-08-17,15:45
2018-08-17,13:05
2018-08-17,9:30
2018-08-16,16:18
2018-08-15,21:33
2018-08-15,0:00
2018-08-14,14:18
2018-08-14,0:20
2018-08-14,0:05
2018-08-14,0:00
2018-08-13,14:33
2018-08-13,0:14
2018-08-13,0:00
2018-08-13,0:00
2018-08-13,0:00
2018-08-12,21:00
2018-08-12,15:05
2018-08-10,18:37
2018-08-10,16:20
2018-08-10,15:10
2018-08-10,14:05
2018-08-10,9:28
2018-08-10,7:00
2018-08-10,0:00
2018-08-09,10:52
2018-08-09,0:05
2018-08-08,6:00
2018-08-08,0:25
2018-08-08,0:25
2018-08-08,0:00
2018-08-08,0:00
2018-08-08,0:00
2018-08-07,17:10
2018-08-07,8:13
2018-08-07,0:00
2018-08-05,18:58
2018-08-05,13:00
2018-08-04,12:05
2018-08-04,0:00
2018-08-03,18:07
2018-08-03,11:05
2018-08-03,7:00
2018-08-03,0:05
2018-08-03,0:00
2018-08-03,0:00
2018-08-02,19:00
2018-08-02,13:03
2018-08-02,0:00
2018-08-02,0:00
2018-08-02,0:00
2018-08-02,0:00
2018-08-02,0:00
2018-08-01,14:00
2018-08-01,11:00
2018-08-01,9:59
2018-08-01,7:35
2018-08-01,0:01
2018-08-01,0:00
2018-08-01,0:00
2018-07-31,0:05
2018-07-31,0:00
2018-07-31,0:00
2018-07-31,0:00
2018-07-31,0:00
2018-07-30,16:59
2018-07-30,12:18
2018-07-30,12:15
2018-07-30,12:00
2018-07-30,7:15
2018-07-30,0:05
2018-07-30,0:00
2018-07-29,15:00
2018-07-29,12:20
2018-07-29,12:05
2018-07-28,10:58
2018-07-28,0:13
2018-07-28,0:05
2018-07-28,0:00
2018-07-28,0:00
2018-07-28,0:00
2018-07-28,0:00
2018-07-28,0:00
2018-07-28,0:00
2018-07-28,0:00
2018-07-27,13:05
2018-07-27,0:00
2018-07-27,0:00
2018-07-26,13:00
2018-07-26,6:00
2018-07-26,0:00
2018-07-25,16:59
2018-07-24,0:27
2018-07-24,0:05
2018-07-24,0:00
2018-07-23,19:27
2018-07-23,13:00
2018-07-23,10:43
2018-07-23,7:15
2018-07-23,0:01
2018-07-23,0:00
2018-07-23,0:00
2018-07-23,0:00
2018-07-23,0:00
2018-07-22,12:05
2018-07-22,0:13
2018-07-21,0:00
2018-07-20,18:49
2018-07-20,0:37
2018-07-20,0:00
2018-07-20,0:00
2018-07-19,19:10
2018-07-19,16:05
2018-07-19,16:00
2018-07-19,15:10
2018-07-19,14:56
2018-07-19,0:00
2018-07-19,0:00
2018-07-19,0:00
2018-07-18,20:00
2018-07-18,12:07
2018-07-18,11:00
2018-07-18,10:56
2018-07-18,10:00
2018-07-18,9:38
2018-07-18,9:22
2018-07-18,8:30
2018-07-18,0:25
2018-07-18,0:25
2018-07-18,0:25
2018-07-18,0:25
2018-07-18,0:00
2018-07-18,0:00
2018-07-18,0:00
2018-07-18,0:00
2018-07-17,23:55
2018-07-17,17:00
2018-07-17,15:40
2018-07-17,15:00
2018-07-17,13:08
2018-07-17,13:00
2018-07-17,0:00
2018-07-16,12:26
2018-07-16,0:00
2018-07-15,19:16
2018-07-15,18:58
2018-07-14,0:00
2018-07-13,16:05
2018-07-13,13:05
2018-07-13,0:00
2018-07-12,12:15
2018-07-12,9:00
2018-07-12,8:41
2018-07-12,7:15
2018-07-12,0:25
2018-07-12,0:05
2018-07-12,0:05
2018-07-12,0:00
2018-07-11,22:25
2018-07-11,9:28
2018-07-11,0:25
2018-07-11,0:00
2018-07-10,21:49
2018-07-10,11:11
2018-07-09,18:55
2018-07-09,14:06
2018-07-09,11:44
2018-07-09,11:00
2018-07-09,0:00
2018-07-08,23:55
2018-07-07,7:30
2018-07-07,0:00
2018-07-07,0:00
2018-07-06,19:55
2018-07-05,0:00
2018-07-05,0:00
2018-07-05,0:00
2018-07-04,18:58
2018-07-04,16:05
2018-07-04,0:25
2018-07-04,0:25
2018-07-04,0:25
2018-07-04,0:25
2018-07-04,0:00
2018-07-03,0:00
2018-07-03,0:00
2018-07-02,6:00
2018-07-02,0:55
2018-07-02,0:00
2018-07-02,0:00
2018-07-01,23:55
2018-07-01,0:00
2018-07-01,0:00
2018-07-01,0:00
2018-07-01,0:00
2018-06-30,12:05
2018-06-30,11:05
2018-06-30,0:05
2018-06-30,0:00
2018-06-30,0:00
2018-06-30,0:00
2018-06-29,18:00
2018-06-29,16:25
2018-06-29,10:43
2018-06-29,0:01
2018-06-29,0:00
2018-06-29,0:00
2018-06-29,0:00
2018-06-29,0:00
2018-06-29,0:00
2018-06-28,23:56
2018-06-28,21:45
2018-06-28,21:18
2018-06-28,20:58
2018-06-28,18:58
2018-06-28,18:00
2018-06-28,17:15
2018-06-28,15:45
2018-06-28,14:50
2018-06-28,14:23
2018-06-28,13:07
2018-06-28,12:15
2018-06-28,12:00
2018-06-28,11:31
2018-06-28,11:00
2018-06-28,9:00
2018-06-28,0:05
2018-06-28,0:00
2018-06-27,15:00
2018-06-27,13:54
2018-06-27,13:28
2018-06-27,13:21
2018-06-27,13:05
2018-06-27,13:05
2018-06-27,13:00
2018-06-27,12:15
2018-06-27,11:22
2018-06-27,10:19
2018-06-27,9:42
2018-06-27,7:00
2018-06-27,0:00
2018-06-27,0:00
2018-06-27,0:00
2018-06-27,0:00
2018-06-26,18:00
2018-06-26,15:17
2018-06-26,13:05
2018-06-26,12:15
2018-06-26,12:00
2018-06-26,9:30
2018-06-26,9:29
2018-06-26,9:00
2018-06-26,9:00
2018-06-26,8:03
2018-06-26,5:15
2018-06-25,23:07
2018-06-25,20:58
2018-06-25,18:00
2018-06-25,16:33
2018-06-25,16:33
2018-06-25,15:15
2018-06-25,13:00
2018-06-25,11:00
2018-06-25,10:57
2018-06-25,8:40
2018-06-25,0:15
2018-06-25,0:01
2018-06-25,0:00
2018-06-25,0:00
2018-06-24,14:14
2018-06-24,13:00
2018-06-23,19:00
2018-06-23,12:05
2018-06-23,11:05
2018-06-22,19:28
2018-06-22,17:30
2018-06-22,16:00
2018-06-22,14:48
2018-06-22,14:48
2018-06-22,14:30
2018-06-22,14:22
2018-06-22,13:05
2018-06-22,12:17
2018-06-22,12:00
2018-06-22,11:55
2018-06-22,11:05
2018-06-22,10:06
2018-06-22,7:36
2018-06-22,7:15
2018-06-22,7:00
2018-06-22,6:00
2018-06-22,0:14
2018-06-22,0:01
2018-06-22,0:00
2018-06-22,0:00
2018-06-22,0:00
2018-06-22,0:00
2018-06-22,0:00
2018-06-22,0:00
2018-06-22,0:00
2018-06-22,0:00
2018-06-22,0:00
2018-06-22,0:00
2018-06-22,0:00
2018-06-22,0:00
2018-06-22,0:00
2018-06-22,0:00
2018-06-22,0:00
2018-06-22,0:00
2018-06-21,23:59
2018-06-21,23:58
2018-06-21,21:38
2018-06-21,21:35
2018-06-21,20:58
2018-06-21,18:58
2018-06-21,18:55
2018-06-21,18:43
2018-06-21,18:33
2018-06-21,18:00
2018-06-21,18:00
2018-06-21,17:04
2018-06-21,17:00
2018-06-21,16:58
2018-06-21,16:58
2018-06-21,16:35
2018-06-21,16:35
2018-06-21,16:33
2018-06-21,16:33
2018-06-21,16:15
2018-06-21,16:05
2018-06-21,16:05
2018-06-21,16:00
2018-06-21,15:47
2018-06-21,15:47
2018-06-21,15:42
2018-06-21,15:38
2018-06-21,15:10
2018-06-21,15:00
2018-06-21,15:00
2018-06-21,14:45
2018-06-21,14:37
2018-06-21,14:19
2018-06-21,14:14
2018-06-21,14:05
2018-06-21,14:05
2018-06-21,14:00
2018-06-21,14:00
2018-06-21,13:46
2018-06-21,13:43
2018-06-21,13:19
2018-06-21,13:15
2018-06-21,13:05
2018-06-21,13:04
2018-06-21,13:00
2018-06-21,13:00
2018-06-21,12:46
2018-06-21,12:32
2018-06-21,12:24
2018-06-21,12:13
2018-06-21,12:13
2018-06-21,12:13
2018-06-21,12:07
2018-06-21,12:00
2018-06-21,12:00
2018-06-21,11:58
2018-06-21,11:58
2018-06-21,11:58
2018-06-21,11:58
2018-06-21,11:51
2018-06-21,11:35
2018-06-21,11:30
2018-06-21,11:05
2018-06-21,11:00
2018-06-21,11:00
2018-06-21,10:55
2018-06-21,10:51
2018-06-21,10:43
2018-06-21,10:23
2018-06-21,10:22
2018-06-21,10:12
2018-06-21,10:04
2018-06-21,10:04
2018-06-21,10:00
2018-06-21,10:00
2018-06-21,9:56
2018-06-21,9:55
2018-06-21,9:30
2018-06-21,9:30
2018-06-21,9:29
2018-06-21,9:09
2018-06-21,9:00
2018-06-21,9:00
2018-06-21,8:35
2018-06-21,8:00
2018-06-21,8:00
2018-06-21,7:15
2018-06-21,7:11
2018-06-21,7:00
2018-06-21,6:53
2018-06-21,0:05
2018-06-21,0:01
2018-06-21,0:00
2018-06-21,0:00
2018-06-21,0:00
2018-06-21,0:00
2018-06-21,0:00
2018-06-21,0:00
2018-06-21,0:00
2018-06-21,0:00
2018-06-21,0:00
2018-06-21,0:00
2018-06-20,23:55
2018-06-20,23:55
2018-06-20,21:23
2018-06-20,21:22
2018-06-20,21:18
2018-06-20,20:58
2018-06-20,20:23
2018-06-20,19:58
2018-06-20,18:58
2018-06-20,18:55
2018-06-20,18:43
2018-06-20,18:00
2018-06-20,17:58
2018-06-20,17:00
2018-06-20,16:30
2018-06-20,16:05
2018-06-20,16:00
2018-06-20,15:04
2018-06-20,14:46
2018-06-20,14:32
2018-06-20,14:00
2018-06-20,14:00
2018-06-20,13:33
2018-06-20,13:05
2018-06-20,13:00
2018-06-20,12:57
2018-06-20,12:00
2018-06-20,11:52
2018-06-20,10:19
2018-06-20,9:35
2018-06-20,9:00
2018-06-20,7:28
2018-06-20,7:15
2018-06-20,6:00
2018-06-20,6:00
2018-06-20,0:25
2018-06-20,0:05
2018-06-20,0:00
2018-06-20,0:00
2018-06-20,0:00
2018-06-20,0:00
2018-06-20,0:00
2018-06-20,0:00
2018-06-20,0:00
2018-06-20,0:00
2018-06-20,0:00
2018-06-19,23:55
2018-06-19,21:19
2018-06-19,21:02
2018-06-19,20:58
2018-06-19,19:58
2018-06-19,19:02
2018-06-19,19:00
2018-06-19,18:58
2018-06-19,18:53
2018-06-19,18:43
2018-06-19,18:00
2018-06-19,18:00
2018-06-19,16:07
2018-06-19,15:00
2018-06-19,14:05
2018-06-19,14:00
2018-06-19,14:00
2018-06-19,13:39
2018-06-19,13:05
2018-06-19,13:05
2018-06-19,13:00
2018-06-19,12:58
2018-06-19,12:34
2018-06-19,12:15
2018-06-19,12:00
2018-06-19,12:00
2018-06-19,11:20
2018-06-19,10:54
2018-06-19,10:10
2018-06-19,10:05
2018-06-19,10:05
2018-06-19,9:56
2018-06-19,9:00
2018-06-19,8:56
2018-06-19,8:30
2018-06-19,8:28
2018-06-19,8:01
2018-06-19,8:00
2018-06-19,7:56
2018-06-19,7:28
2018-06-19,7:28
2018-06-19,7:15
2018-06-19,7:00
2018-06-19,6:53
2018-06-19,0:05
2018-06-19,0:05
2018-06-19,0:05
2018-06-19,0:00
2018-06-19,0:00
2018-06-19,0:00
2018-06-19,0:00
2018-06-19,0:00
2018-06-19,0:00
2018-06-19,0:00
2018-06-19,0:00
2018-06-19,0:00
2018-06-19,0:00
2018-06-19,0:00
2018-06-18,18:58
2018-06-18,18:23
2018-06-18,18:11
2018-06-18,18:00
2018-06-18,17:14
2018-06-18,17:00
2018-06-18,17:00
2018-06-18,16:16
2018-06-18,16:05
2018-06-18,16:01
2018-06-18,16:01
2018-06-18,16:00
2018-06-18,15:24
2018-06-18,15:10
2018-06-18,13:05
2018-06-18,11:21
2018-06-18,9:30
2018-06-18,9:00
2018-06-18,8:45
2018-06-18,8:30
2018-06-18,8:30
2018-06-18,8:30
2018-06-18,8:00
2018-06-18,8:00
2018-06-18,7:49
2018-06-18,0:05
2018-06-18,0:00
2018-06-17,18:01
2018-06-17,14:34
2018-06-17,13:00
2018-06-17,12:54
2018-06-17,12:05
2018-06-16,14:05
2018-06-16,11:05
2018-06-16,0:00
2018-06-16,0:00
2018-06-15,18:58
2018-06-15,16:23
2018-06-15,16:23
2018-06-15,15:15
2018-06-15,13:05
2018-06-15,11:05
2018-06-15,9:29
2018-06-15,0:00
2018-06-15,0:00
2018-06-15,0:00
2018-06-15,0:00
2018-06-15,0:00
2018-06-14,23:55
2018-06-14,15:23
2018-06-14,15:23
2018-06-14,15:23
2018-06-14,15:10
2018-06-14,13:32
2018-06-14,0:00
2018-06-14,0:00
2018-06-14,0:00
2018-06-14,0:00
2018-06-14,0:00
2018-06-14,0:00
2018-06-14,0:00
2018-06-14,0:00
2018-06-14,0:00
2018-06-13,20:58
2018-06-13,20:23
2018-06-13,19:58
2018-06-13,19:47
2018-06-13,18:58
2018-06-13,18:55
2018-06-13,18:28
2018-06-13,18:00
2018-06-13,17:58
2018-06-13,17:30
2018-06-13,17:00
2018-06-13,16:46
2018-06-13,16:40
2018-06-13,16:21
2018-06-13,16:05
2018-06-13,15:51
2018-06-13,15:13
2018-06-13,15:10
2018-06-13,15:00
2018-06-13,14:05
2018-06-13,14:00
2018-06-13,12:00
2018-06-13,12:00
2018-06-13,11:35
2018-06-13,11:22
2018-06-13,11:18
2018-06-13,11:14
2018-06-13,11:13
2018-06-13,11:13
2018-06-13,11:08
2018-06-13,11:07
2018-06-13,11:06
2018-06-13,9:35
2018-06-13,6:00
2018-06-13,5:49
2018-06-13,0:25
2018-06-13,0:00
2018-06-13,0:00
2018-06-13,0:00
2018-06-12,23:55
2018-06-12,16:53
2018-06-12,16:30
2018-06-12,15:15
2018-06-12,11:19
2018-06-12,11:05
2018-06-12,0:05
2018-06-12,0:00
2018-06-12,0:00
2018-06-12,0:00
2018-06-11,18:00
2018-06-11,15:23
2018-06-11,15:00
2018-06-11,13:00
2018-06-11,13:00
2018-06-11,12:00
2018-06-11,12:00
2018-06-11,11:42
2018-06-11,11:38
2018-06-11,11:07
2018-06-11,0:36
2018-06-11,0:05
2018-06-11,0:00
2018-06-11,0:00
2018-06-10,23:55
2018-06-10,19:00
2018-06-10,18:58
2018-06-10,13:05
2018-06-10,12:05
2018-06-09,11:05
2018-06-09,8:57
2018-06-09,0:01
2018-06-09,0:00
2018-06-09,0:00
2018-06-09,0:00
2018-06-09,0:00
2018-06-09,0:00
2018-06-09,0:00
2018-06-08,20:23
2018-06-08,19:16
2018-06-08,17:51
2018-06-08,16:54
2018-06-08,16:49
2018-06-08,13:05
2018-06-08,12:00
2018-06-08,11:05
2018-06-08,11:04
2018-06-08,11:00
2018-06-08,9:06
2018-06-08,9:00
2018-06-08,7:57
2018-06-08,7:56
2018-06-08,7:15
2018-06-08,0:01
2018-06-08,0:00
2018-06-08,0:00
2018-06-08,0:00
2018-06-08,0:00
2018-06-08,0:00
2018-06-07,18:55
2018-06-07,17:30
2018-06-07,17:00
2018-06-07,13:12
2018-06-07,13:07
2018-06-07,11:30
2018-06-07,7:15
2018-06-07,0:51
2018-06-07,0:05
2018-06-07,0:05
2018-06-07,0:00
2018-06-07,0:00
2018-06-07,0:00
2018-06-07,0:00
2018-06-07,0:00
2018-06-07,0:00
2018-06-07,0:00
2018-06-07,0:00
2018-06-07,0:00
2018-06-07,0:00
2018-06-07,0:00
2018-06-07,0:00
2018-06-07,0:00
2018-06-07,0:00
2018-06-07,0:00
2018-06-07,0:00
2018-06-06,23:59
2018-06-06,19:58
2018-06-06,18:55
2018-06-06,17:58
2018-06-06,17:00
2018-06-06,17:00
2018-06-06,16:05
2018-06-06,16:00
2018-06-06,16:00
2018-06-06,14:42
2018-06-06,14:20
2018-06-06,10:24
2018-06-06,10:15
2018-06-06,10:10
2018-06-06,10:05
2018-06-06,9:35
2018-06-06,8:56
2018-06-06,7:56
2018-06-06,0:25
2018-06-06,0:25
2018-06-06,0:25
2018-06-06,0:10
2018-06-06,0:06
2018-06-06,0:00
2018-06-06,0:00
2018-06-06,0:00
2018-06-06,0:00
2018-06-06,0:00
2018-06-06,0:00
2018-06-06,0:00
2018-06-06,0:00
2018-06-06,0:00
2018-06-06,0:00
2018-06-06,0:00
2018-06-06,0:00
2018-06-06,0:00
2018-06-05,23:55
2018-06-05,23:55
2018-06-05,18:41
2018-06-05,17:56
2018-06-05,17:18
2018-06-05,15:45
2018-06-05,15:22
2018-06-05,14:17
2018-06-05,14:05
2018-06-05,14:00
2018-06-05,13:49
2018-06-05,13:05
2018-06-05,13:05
2018-06-05,12:41
2018-06-05,12:15
2018-06-05,12:07
2018-06-05,12:00
2018-06-05,11:38
2018-06-05,11:38
2018-06-05,10:05
2018-06-05,10:04
2018-06-05,9:30
2018-06-05,8:50
2018-06-05,7:48
2018-06-05,7:15
2018-06-05,0:05
2018-06-05,0:00
2018-06-05,0:00
2018-06-05,0:00
2018-06-05,0:00
2018-06-05,0:00
2018-06-05,0:00
2018-06-05,0:00
2018-06-05,0:00
2018-06-05,0:00
2018-06-05,0:00
2018-06-05,0:00
2018-06-05,0:00
2018-06-05,0:00
2018-06-04,23:59
2018-06-04,23:55
2018-06-04,22:31
2018-06-04,20:58
2018-06-04,19:58
2018-06-04,19:46
2018-06-04,19:00
2018-06-04,18:55
2018-06-04,18:13
2018-06-04,18:10
2018-06-04,18:10
2018-06-04,18:00
2018-06-04,17:58
2018-06-04,15:53
2018-06-04,15:00
2018-06-04,14:34
2018-06-04,14:00
2018-06-04,13:58
2018-06-04,13:54
2018-06-04,13:05
2018-06-04,13:05
2018-06-04,13:00
2018-06-04,12:39
2018-06-04,12:21
2018-06-04,12:03
2018-06-04,12:00
2018-06-04,11:58
2018-06-04,11:28
2018-06-04,11:19
2018-06-04,11:19
2018-06-04,11:08
2018-06-04,11:06
2018-06-04,11:00
2018-06-04,10:35
2018-06-04,10:00
2018-06-04,10:00
2018-06-04,9:50
2018-06-04,9:00
2018-06-04,9:00
2018-06-04,7:59
2018-06-04,7:31
2018-06-04,7:31
2018-06-04,0:05
2018-06-04,0:05
2018-06-04,0:01
2018-06-04,0:00
2018-06-04,0:00
2018-06-04,0:00
2018-06-04,0:00
2018-06-04,0:00
2018-06-04,0:00
2018-06-03,19:33
2018-06-03,19:23
2018-06-03,18:58
2018-06-03,18:11
2018-06-03,15:05
2018-06-03,14:25
2018-06-03,13:03
2018-06-03,13:00
2018-06-03,12:47
2018-06-03,12:05
2018-06-02,20:58
2018-06-02,16:00
2018-06-02,14:07
2018-06-02,13:28
2018-06-02,13:10
2018-06-02,13:00
2018-06-02,12:12
2018-06-02,12:00
2018-06-02,11:47
2018-06-02,11:46
2018-06-02,11:32
2018-06-02,11:21
2018-06-02,11:05
2018-06-02,0:00
2018-06-02,0:00
2018-06-02,0:00
2018-06-02,0:00
2018-06-01,18:20
2018-06-01,18:02
2018-06-01,18:02
2018-06-01,18:00
2018-06-01,16:00
2018-06-01,15:36
2018-06-01,15:23
2018-06-01,15:00
2018-06-01,14:58
2018-06-01,13:13
2018-06-01,13:05
2018-06-01,12:56
2018-06-01,11:05
2018-06-01,9:38
2018-06-01,8:37
2018-06-01,0:05
2018-06-01,0:01
2018-06-01,0:00
2018-06-01,0:00
2018-06-01,0:00
2018-06-01,0:00
2018-06-01,0:00
2018-06-01,0:00
2018-06-01,0:00
2018-06-01,0:00
2018-06-01,0:00
2018-06-01,0:00
2018-06-01,0:00
2018-06-01,0:00
2018-06-01,0:00
2018-06-01,0:00
2018-06-01,0:00
2018-06-01,0:00
2018-06-01,0:00
2018-06-01,0:00
2018-06-01,0:00
2018-05-31,23:59
2018-05-31,23:59
2018-05-31,21:40
2018-05-31,20:58
2018-05-31,18:58
2018-05-31,18:55
2018-05-31,18:28
2018-05-31,18:00
2018-05-31,18:00
2018-05-31,17:34
2018-05-31,17:00
2018-05-31,16:24
2018-05-31,16:20
2018-05-31,15:35
2018-05-31,15:20
2018-05-31,15:14
2018-05-31,15:00
2018-05-31,15:00
2018-05-31,14:42
2018-05-31,14:30
2018-05-31,14:25
2018-05-31,14:09
2018-05-31,14:05
2018-05-31,14:04
2018-05-31,14:00
2018-05-31,14:00
2018-05-31,13:37
2018-05-31,13:37
2018-05-31,13:05
2018-05-31,13:05
2018-05-31,12:54
2018-05-31,12:30
2018-05-31,12:02
2018-05-31,12:00
2018-05-31,11:05
2018-05-31,11:00
2018-05-31,10:55
2018-05-31,10:45
2018-05-31,10:00
2018-05-31,9:00
2018-05-31,0:30
2018-05-31,0:00
2018-05-31,0:00
2018-05-31,0:00
2018-05-30,20:10
2018-05-30,18:58
2018-05-30,18:28
2018-05-30,18:25
2018-05-30,18:16
2018-05-30,18:05
2018-05-30,18:00
2018-05-30,17:01
2018-05-30,17:00
2018-05-30,16:39
2018-05-30,16:14
2018-05-30,13:10
2018-05-30,0:00
2018-05-30,0:00
2018-05-30,0:00
2018-05-30,0:00
2018-05-30,0:00
2018-05-30,0:00
2018-05-30,0:00
2018-05-30,0:00
2018-05-29,23:55
2018-05-29,19:07
2018-05-29,19:07
2018-05-29,18:24
2018-05-29,16:19
2018-05-29,16:06
2018-05-29,16:00
2018-05-29,15:09
2018-05-29,14:30
2018-05-29,14:00
2018-05-29,13:05
2018-05-29,13:00
2018-05-29,12:42
2018-05-29,12:20
2018-05-29,12:09
2018-05-29,12:00
2018-05-29,12:00
2018-05-29,11:59
2018-05-29,0:01
2018-05-29,0:00
2018-05-29,0:00
2018-05-28,20:00
2018-05-28,19:51
2018-05-28,19:09
2018-05-28,19:09
2018-05-28,15:13
2018-05-28,13:05
2018-05-28,12:37
2018-05-28,0:00
2018-05-28,0:00
2018-05-27,19:58
2018-05-27,12:05
2018-05-27,12:05
2018-05-26,18:58
2018-05-26,11:25
2018-05-26,5:37
2018-05-26,0:10
2018-05-26,0:00
2018-05-26,0:00
2018-05-26,0:00
2018-05-26,0:00
2018-05-26,0:00
2018-05-26,0:00
2018-05-26,0:00
2018-05-26,0:00
2018-05-25,11:05
2018-05-25,0:14
2018-05-25,0:06
2018-05-25,0:06
2018-05-25,0:00
2018-05-25,0:00
2018-05-25,0:00
2018-05-25,0:00
2018-05-25,0:00
2018-05-25,0:00
2018-05-25,0:00
2018-05-25,0:00
2018-05-24,19:58
2018-05-24,17:58
2018-05-24,17:30
2018-05-24,17:00
2018-05-24,16:52
2018-05-24,14:07
2018-05-24,13:55
2018-05-24,13:39
2018-05-24,13:24
2018-05-24,12:00
2018-05-24,6:53
2018-05-24,0:01
2018-05-24,0:01
2018-05-24,0:00
2018-05-24,0:00
2018-05-24,0:00
2018-05-24,0:00
2018-05-24,0:00
2018-05-24,0:00
2018-05-24,0:00
2018-05-24,0:00
2018-05-24,0:00
2018-05-24,0:00
2018-05-24,0:00
2018-05-23,21:41
2018-05-23,20:59
2018-05-23,20:58
2018-05-23,19:58
2018-05-23,19:01
2018-05-23,18:28
2018-05-23,18:11
2018-05-23,18:00
2018-05-23,17:21
2018-05-23,17:03
2018-05-23,12:00
2018-05-23,11:05
2018-05-23,11:00
2018-05-23,11:00
2018-05-23,10:00
2018-05-23,10:00
2018-05-23,9:00
2018-05-23,8:37
2018-05-23,7:00
2018-05-23,6:30
2018-05-23,2:00
2018-05-23,2:00
2018-05-23,0:01
2018-05-23,0:00
2018-05-23,0:00
2018-05-23,0:00
2018-05-23,0:00
2018-05-23,0:00
2018-05-23,0:00
2018-05-23,0:00
2018-05-23,0:00
2018-05-22,23:55
2018-05-22,23:55
2018-05-22,18:58
2018-05-22,17:27
2018-05-22,16:05
2018-05-22,16:05
2018-05-22,16:00
2018-05-22,15:45
2018-05-22,14:18
2018-05-22,14:00
2018-05-22,13:05
2018-05-22,12:37
2018-05-22,11:30
2018-05-22,9:35
2018-05-22,7:15
2018-05-22,0:05
2018-05-22,0:05
2018-05-22,0:00
2018-05-22,0:00
2018-05-22,0:00
2018-05-22,0:00
2018-05-22,0:00
2018-05-22,0:00
2018-05-22,0:00
2018-05-22,0:00
2018-05-22,0:00
2018-05-21,23:59
2018-05-21,18:59
2018-05-21,17:13
2018-05-21,13:05
2018-05-21,7:15
2018-05-21,7:00
2018-05-21,7:00
2018-05-21,0:06
2018-05-21,0:01
2018-05-21,0:01
2018-05-21,0:01
2018-05-21,0:00
2018-05-21,0:00
2018-05-21,0:00
2018-05-21,0:00
2018-05-21,0:00
2018-05-21,0:00
2018-05-20,19:58
2018-05-20,19:04
2018-05-20,17:12
2018-05-20,11:00
2018-05-20,10:00
2018-05-20,9:00
2018-05-20,5:13
2018-05-19,21:34
2018-05-19,20:58
2018-05-19,18:58
2018-05-19,18:58
2018-05-19,18:28
2018-05-19,18:00
2018-05-19,18:00
2018-05-19,17:37
2018-05-19,16:43
2018-05-19,16:19
2018-05-19,16:00
2018-05-19,15:08
2018-05-19,15:08
2018-05-19,15:00
2018-05-19,14:45
2018-05-19,14:45
2018-05-19,14:05
2018-05-19,14:00
2018-05-19,13:44
2018-05-19,13:00
2018-05-19,13:00
2018-05-19,12:46
2018-05-19,12:40
2018-05-19,12:26
2018-05-19,12:25
2018-05-19,12:25
2018-05-19,12:05
2018-05-19,12:00
2018-05-19,12:00
2018-05-19,11:58
2018-05-19,11:00
2018-05-19,10:00
2018-05-19,10:00
2018-05-19,9:00
2018-05-19,0:00
2018-05-19,0:00
2018-05-18,23:59
2018-05-18,18:45
2018-05-18,18:43
2018-05-18,18:00
2018-05-18,17:41
2018-05-18,17:30
2018-05-18,15:10
2018-05-18,15:00
2018-05-18,14:05
2018-05-18,14:00
2018-05-18,12:16
2018-05-18,10:34
2018-05-18,9:07
2018-05-18,8:37
2018-05-18,6:06
2018-05-18,0:00
2018-05-18,0:00
2018-05-17,23:55
2018-05-17,20:58
2018-05-17,19:08
2018-05-17,18:28
2018-05-17,16:50
2018-05-17,16:50
2018-05-17,16:40
2018-05-17,16:33
2018-05-17,0:00
2018-05-17,0:00
2018-05-17,0:00
2018-05-17,0:00
2018-05-16,23:55
2018-05-16,18:58
2018-05-16,11:33
2018-05-16,7:15
2018-05-16,4:48
2018-05-16,0:01
2018-05-16,0:00
2018-05-16,0:00
2018-05-16,0:00
2018-05-16,0:00
2018-05-15,23:55
2018-05-15,23:55
2018-05-15,14:05
2018-05-15,9:09
2018-05-15,7:56
2018-05-15,7:30
2018-05-15,7:00
2018-05-15,6:53
2018-05-15,6:30
2018-05-15,0:01
2018-05-15,0:00
2018-05-15,0:00
2018-05-14,18:00
2018-05-13,14:23
2018-05-13,9:58
2018-05-12,13:13
2018-05-12,0:00
2018-05-12,0:00
2018-05-12,0:00
2018-05-12,0:00
2018-05-11,23:59
2018-05-11,0:00
2018-05-11,0:00
2018-05-11,0:00
2018-05-11,0:00
2018-05-10,15:13
2018-05-10,15:13
2018-05-10,9:47
2018-05-10,1:05
2018-05-10,0:00
2018-05-10,0:00
2018-05-10,0:00
2018-05-10,0:00
2018-05-10,0:00
2018-05-10,0:00
2018-05-10,0:00
2018-05-09,13:13
2018-05-09,8:21
2018-05-09,7:15
2018-05-09,0:01
2018-05-09,0:00
2018-05-09,0:00
2018-05-09,0:00
2018-05-09,0:00
2018-05-09,0:00
2018-05-08,18:58
2018-05-08,17:30
2018-05-08,16:09
2018-05-08,15:33
2018-05-08,13:18
2018-05-08,13:05
2018-05-08,13:00
2018-05-08,12:45
2018-05-08,12:36
2018-05-08,11:53
2018-05-08,7:07
2018-05-08,6:57
2018-05-08,6:00
2018-05-08,0:01
2018-05-08,0:01
2018-05-08,0:00
2018-05-08,0:00
2018-05-08,0:00
2018-05-08,0:00
2018-05-08,0:00
2018-05-08,0:00
2018-05-07,23:55
2018-05-07,16:34
2018-05-07,16:05
2018-05-07,9:29
2018-05-07,7:15
2018-05-07,0:00
2018-05-06,19:44
2018-05-06,13:00
2018-05-06,12:05
2018-05-06,9:00
2018-05-05,19:00
2018-05-05,0:01
2018-05-05,0:00
2018-05-04,17:31
2018-05-04,17:22
2018-05-04,17:22
2018-05-04,17:18
2018-05-04,17:18
2018-05-04,16:58
2018-05-04,16:58
2018-05-04,16:12
2018-05-04,16:12
2018-05-04,15:14
2018-05-04,15:11
2018-05-04,11:24
2018-05-04,9:54
2018-05-04,0:19
2018-05-04,0:00
2018-05-04,0:00
2018-05-04,0:00
2018-05-04,0:00
2018-05-04,0:00
2018-05-04,0:00
2018-05-04,0:00
2018-05-04,0:00
2018-05-04,0:00
2018-05-03,22:00
2018-05-03,18:45
2018-05-03,17:35
2018-05-03,17:35
2018-05-03,15:19
2018-05-03,15:01
2018-05-03,14:20
2018-05-03,14:20
2018-05-03,9:00
2018-05-03,8:15
2018-05-03,0:00
2018-05-02,18:45
2018-05-02,15:10
2018-05-02,0:25
2018-05-02,0:25
2018-05-02,0:00
2018-05-02,0:00
2018-05-02,0:00
2018-05-01,18:00
2018-05-01,0:00
2018-05-01,0:00
2018-05-01,0:00
2018-05-01,0:00
2018-04-30,19:58
2018-04-30,18:45
2018-04-30,18:00
2018-04-30,17:45
2018-04-30,15:49
2018-04-30,14:00
2018-04-30,12:07
2018-04-30,10:13
2018-04-30,10:05
2018-04-30,0:01
2018-04-30,0:00
2018-04-29,20:58
2018-04-29,20:22
2018-04-29,18:58
2018-04-29,18:28
2018-04-28,18:00
2018-04-28,17:20
2018-04-28,9:30
2018-04-28,0:01
2018-04-28,0:00
2018-04-27,7:27
2018-04-27,0:01
2018-04-27,0:01
2018-04-27,0:00
2018-04-27,0:00
2018-04-26,18:00
2018-04-26,15:44
2018-04-26,14:21
2018-04-24,21:21
2018-04-24,20:47
2018-04-24,11:31
2018-04-24,10:28
2018-04-24,7:40
2018-04-24,0:14
2018-04-24,0:00
2018-04-23,19:15
2018-04-23,18:45
2018-04-23,18:00
2018-04-23,17:56
2018-04-23,17:00
2018-04-23,15:25
2018-04-23,15:00
2018-04-23,14:05
2018-04-23,0:00
2018-04-22,23:55
2018-04-22,19:58
2018-04-22,18:58
2018-04-22,12:05
2018-04-22,11:36
2018-04-21,19:58
2018-04-21,17:58
2018-04-21,12:05
2018-04-21,9:12
2018-04-21,0:00
2018-04-21,0:00
2018-04-20,17:25
2018-04-20,16:32
2018-04-20,15:20
2018-04-20,14:05
2018-04-20,12:00
2018-04-20,11:00
2018-04-20,10:14
2018-04-20,9:00
2018-04-20,0:00
2018-04-20,0:00
2018-04-20,0:00
2018-04-19,18:58
2018-04-19,18:45
2018-04-19,17:17
2018-04-19,17:12
2018-04-19,17:00
2018-04-19,15:17
2018-04-19,15:17
2018-04-19,15:08
2018-04-19,13:22
2018-04-19,12:39
2018-04-19,12:00
2018-04-19,11:38
2018-04-19,9:00
2018-04-19,8:35
2018-04-19,0:00
2018-04-19,0:00
2018-04-19,0:00
2018-04-19,0:00
2018-04-19,0:00
2018-04-18,21:38
2018-04-18,19:25
2018-04-18,12:15
2018-04-18,8:00
2018-04-18,0:00
2018-04-17,9:35
2018-04-17,0:00
2018-04-17,0:00
2018-04-17,0:00
2018-04-17,0:00
2018-04-17,0:00
2018-04-16,19:50
2018-04-16,18:58
2018-04-16,18:26
2018-04-16,14:32
2018-04-16,9:42
2018-04-16,9:37
2018-04-16,9:17
2018-04-16,9:15
2018-04-16,9:00
2018-04-16,0:00
2018-04-16,0:00
2018-04-16,0:00
2018-04-15,23:59
2018-04-15,23:59
2018-04-15,23:59
2018-04-15,20:58
2018-04-15,19:00
2018-04-15,18:28
2018-04-15,12:19
2018-04-15,12:05
2018-04-14,15:31
2018-04-14,11:05
2018-04-14,9:35
2018-04-14,0:05
2018-04-14,0:05
2018-04-14,0:00
2018-04-14,0:00
2018-04-13,18:58
2018-04-13,18:45
2018-04-13,18:28
2018-04-13,17:47
2018-04-13,17:47
2018-04-13,17:22
2018-04-13,17:06
2018-04-13,17:00
2018-04-13,16:07
2018-04-13,15:23
2018-04-13,15:10
2018-04-13,13:05
2018-04-13,0:00
2018-04-13,0:00
2018-04-12,16:40
2018-04-12,16:40
2018-04-12,12:00
2018-04-12,0:00
2018-04-11,20:17
2018-04-11,18:58
2018-04-11,18:28
2018-04-11,17:30
2018-04-11,1:30
2018-04-11,1:30
2018-04-11,0:10
2018-04-11,0:10
2018-04-11,0:00
2018-04-11,0:00
2018-04-11,0:00
2018-04-11,0:00
2018-04-11,0:00
2018-04-10,23:59
2018-04-10,23:59
2018-04-10,23:55
2018-04-10,13:52
2018-04-10,12:15
2018-04-10,9:00
2018-04-10,8:28
2018-04-10,8:00
2018-04-10,8:00
2018-04-10,7:56
2018-04-10,0:55
2018-04-10,0:00
2018-04-10,0:00
2018-04-10,0:00
2018-04-10,0:00
2018-04-10,0:00
2018-04-09,23:55
2018-04-09,23:41
2018-04-09,20:24
2018-04-09,19:18
2018-04-09,19:18
2018-04-09,18:45
2018-04-09,18:45
2018-04-09,18:28
2018-04-09,18:22
2018-04-09,17:11
2018-04-09,10:19
2018-04-09,10:18
2018-04-09,8:12
2018-04-09,0:00
2018-04-09,0:00
2018-04-08,19:05
2018-04-08,18:58
2018-04-08,16:32
2018-04-08,14:23
2018-04-08,12:05
2018-04-07,15:45
2018-04-07,12:05
2018-04-07,11:00
2018-04-07,10:00
2018-04-07,9:00
2018-04-07,0:00
2018-04-07,0:00
2018-04-07,0:00
2018-04-06,23:36
2018-04-06,21:40
2018-04-06,20:12
2018-04-06,18:23
2018-04-06,18:23
2018-04-06,17:00
2018-04-06,12:00
2018-04-06,11:58
2018-04-06,11:05
2018-04-06,10:00
2018-04-06,9:41
2018-04-06,9:00
2018-04-06,8:42
2018-04-06,8:00
2018-04-06,0:55
2018-04-06,0:35
2018-04-06,0:00
2018-04-06,0:00
2018-04-06,0:00
2018-04-05,23:59
2018-04-05,23:55
2018-04-05,21:20
2018-04-05,20:58
2018-04-05,19:57
2018-04-05,19:35
2018-04-05,19:23
2018-04-05,19:20
2018-04-05,19:20
2018-04-05,19:00
2018-04-05,18:00
2018-04-05,17:00
2018-04-05,15:34
2018-04-05,15:14
2018-04-05,15:00
2018-04-05,7:15
2018-04-05,0:00
2018-04-05,0:00
2018-04-05,0:00
2018-04-05,0:00
2018-04-05,0:00
2018-04-04,23:59
2018-04-04,23:59
2018-04-04,23:59
2018-04-04,23:55
2018-04-04,18:00
2018-04-04,17:30
2018-04-04,16:05
2018-04-04,15:10
2018-04-04,14:33
2018-04-04,14:33
2018-04-04,12:30
2018-04-04,12:15
2018-04-04,11:05
2018-04-04,9:07
2018-04-04,8:12
2018-04-04,7:15
2018-04-04,0:55
2018-04-04,0:00
2018-04-03,11:27
2018-04-02,17:58
2018-04-02,15:10
2018-04-02,0:00
2018-04-01,23:55
2018-04-01,19:58
2018-04-01,17:01
2018-04-01,12:33
2018-04-01,12:05
2018-04-01,0:00
2018-04-01,0:00
2018-04-01,0:00
2018-04-01,0:00
2018-04-01,0:00
2018-04-01,0:00
2018-03-31,1:10
2018-03-31,0:00
2018-03-30,20:20
2018-03-29,14:05
2018-03-29,13:21
2018-03-29,9:07
2018-03-29,7:34
2018-03-29,7:34
2018-03-29,6:53
2018-03-29,5:56
2018-03-29,0:00
2018-03-29,0:00
2018-03-29,0:00
2018-03-28,18:45
2018-03-28,18:32
2018-03-28,18:00
2018-03-28,17:31
2018-03-28,17:00
2018-03-28,12:50
2018-03-28,12:49
2018-03-28,12:42
2018-03-28,12:00
2018-03-28,11:19
2018-03-28,11:00
2018-03-28,10:28
2018-03-28,10:25
2018-03-28,10:23
2018-03-28,10:14
2018-03-28,0:25
2018-03-28,0:25
2018-03-28,0:00
2018-03-28,0:00
2018-03-27,23:55
2018-03-27,18:45
2018-03-27,12:00
2018-03-27,9:56
2018-03-27,9:00
2018-03-27,8:56
2018-03-27,8:30
2018-03-27,8:00
2018-03-27,7:46
2018-03-27,7:15
2018-03-27,6:53
2018-03-27,0:05
2018-03-27,0:05
2018-03-27,0:00
2018-03-27,0:00
2018-03-26,23:55
2018-03-26,23:55
2018-03-26,15:41
2018-03-26,15:40
2018-03-26,13:05
2018-03-26,13:00
2018-03-26,9:27
2018-03-26,0:00
2018-03-25,23:55
2018-03-25,18:53
2018-03-25,13:00
2018-03-25,12:05
2018-03-24,12:05
2018-03-24,0:00
2018-03-24,0:00
2018-03-23,18:00
2018-03-23,17:42
2018-03-23,0:00
2018-03-23,0:00
2018-03-23,0:00
2018-03-23,0:00
2018-03-23,0:00
2018-03-23,0:00
2018-03-23,0:00
2018-03-22,23:59
2018-03-22,23:55
2018-03-22,19:17
2018-03-22,17:22
2018-03-22,16:31
2018-03-22,14:06
2018-03-22,14:05
2018-03-22,11:08
2018-03-22,8:46
2018-03-22,7:15
2018-03-22,0:00
2018-03-22,0:00
2018-03-22,0:00
2018-03-22,0:00
2018-03-22,0:00
2018-03-22,0:00
2018-03-22,0:00
2018-03-22,0:00
2018-03-22,0:00
2018-03-22,0:00
2018-03-22,0:00
2018-03-22,0:00
2018-03-22,0:00
2018-03-22,0:00
2018-03-22,0:00
2018-03-21,21:06
2018-03-21,20:43
2018-03-21,20:31
2018-03-21,19:58
2018-03-21,18:58
2018-03-21,17:30
2018-03-21,14:05
2018-03-21,12:28
2018-03-21,11:01
2018-03-21,8:55
2018-03-21,8:39
2018-03-21,0:25
2018-03-21,0:25
2018-03-21,0:25
2018-03-21,0:10
2018-03-21,0:10
2018-03-21,0:00
2018-03-20,23:55
2018-03-20,18:42
2018-03-20,17:30
2018-03-20,17:13
2018-03-20,16:20
2018-03-20,16:17
2018-03-20,16:09
2018-03-20,15:17
2018-03-20,15:00
2018-03-20,13:54
2018-03-20,13:01
2018-03-20,12:27
2018-03-20,7:58
2018-03-20,0:00
2018-03-20,0:00
2018-03-20,0:00
2018-03-20,0:00
2018-03-20,0:00
2018-03-20,0:00
2018-03-20,0:00
2018-03-20,0:00
2018-03-20,0:00
2018-03-19,23:59
2018-03-19,18:58
2018-03-19,18:45
2018-03-19,18:00
2018-03-19,17:30
2018-03-19,17:18
2018-03-19,17:14
2018-03-19,17:00
2018-03-19,15:31
2018-03-19,15:10
2018-03-19,14:58
2018-03-19,12:00
2018-03-19,11:25
2018-03-19,10:27
2018-03-19,7:51
2018-03-19,7:15
2018-03-19,0:05
2018-03-19,0:05
2018-03-19,0:00
2018-03-19,0:00
2018-03-19,0:00
2018-03-18,20:47
2018-03-18,20:00
2018-03-18,13:00
2018-03-18,12:05
2018-03-17,18:00
2018-03-17,12:05
2018-03-17,11:05
2018-03-17,9:00
2018-03-17,0:05
2018-03-17,0:05
2018-03-17,0:00
2018-03-17,0:00
2018-03-17,0:00
2018-03-17,0:00
2018-03-17,0:00
2018-03-17,0:00
2018-03-17,0:00
2018-03-17,0:00
2018-03-16,20:00
2018-03-16,17:00
2018-03-16,13:16
2018-03-16,13:05
2018-03-16,12:42
2018-03-16,12:15
2018-03-16,12:00
2018-03-16,11:45
2018-03-16,10:12
2018-03-16,10:00
2018-03-16,10:00
2018-03-16,9:38
2018-03-16,9:08
2018-03-16,9:04
2018-03-16,9:00
2018-03-16,8:51
2018-03-16,8:00
2018-03-16,7:35
2018-03-16,6:00
2018-03-16,0:37
2018-03-16,0:00
2018-03-16,0:00
2018-03-16,0:00
2018-03-16,0:00
2018-03-16,0:00
2018-03-16,0:00
2018-03-15,18:22
2018-03-15,17:00
2018-03-15,16:37
2018-03-15,15:59
2018-03-15,15:59
2018-03-15,14:17
2018-03-15,7:15
2018-03-15,0:00
2018-03-15,0:00
2018-03-15,0:00
2018-03-15,0:00
2018-03-15,0:00
2018-03-15,0:00
2018-03-15,0:00
2018-03-15,0:00
2018-03-15,0:00
2018-03-15,0:00
2018-03-15,0:00
2018-03-14,23:59
2018-03-14,23:59
2018-03-14,18:00
2018-03-14,17:28
2018-03-14,14:05
2018-03-14,13:59
2018-03-14,11:05
2018-03-14,10:17
2018-03-14,9:30
2018-03-14,7:19
2018-03-14,5:40
2018-03-14,0:25
2018-03-14,0:25
2018-03-14,0:25
2018-03-14,0:00
2018-03-14,0:00
2018-03-14,0:00
2018-03-14,0:00
2018-03-14,0:00
2018-03-14,0:00
2018-03-14,0:00
2018-03-14,0:00
2018-03-14,0:00
2018-03-13,22:06
2018-03-13,21:29
2018-03-13,19:58
2018-03-13,19:47
2018-03-13,18:45
2018-03-13,18:33
2018-03-13,13:05
2018-03-13,12:48
2018-03-13,9:00
2018-03-13,0:00
2018-03-13,0:00
2018-03-13,0:00
2018-03-13,0:00
2018-03-13,0:00
2018-03-12,23:59
2018-03-12,23:55
2018-03-12,19:58
2018-03-12,18:45
2018-03-12,18:02
2018-03-12,17:28
2018-03-12,17:16
2018-03-12,17:12
2018-03-12,13:40
2018-03-12,13:26
2018-03-12,13:05
2018-03-12,9:33
2018-03-12,7:36
2018-03-12,6:00
2018-03-12,0:00
2018-03-12,0:00
2018-03-12,0:00
2018-03-12,0:00
2018-03-12,0:00
2018-03-12,0:00
2018-03-12,0:00
2018-03-12,0:00
2018-03-11,23:55
2018-03-11,23:55
2018-03-11,21:40
2018-03-11,20:58
2018-03-11,19:58
2018-03-11,18:58
2018-03-11,18:55
2018-03-11,17:29
2018-03-11,13:57
2018-03-11,13:27
2018-03-11,13:12
2018-03-11,13:03
2018-03-11,13:03
2018-03-11,13:00
2018-03-11,12:05
2018-03-10,17:56
2018-03-10,14:47
2018-03-10,12:05
2018-03-10,12:01
2018-03-10,11:05
2018-03-10,11:02
2018-03-10,8:00
2018-03-10,0:00
2018-03-10,0:00
2018-03-10,0:00
2018-03-10,0:00
2018-03-10,0:00
2018-03-10,0:00
2018-03-10,0:00
2018-03-10,0:00
2018-03-09,23:59
2018-03-09,23:00
2018-03-09,20:34
2018-03-09,19:58
2018-03-09,18:22
2018-03-09,18:22
2018-03-09,15:10
2018-03-09,14:46
2018-03-09,14:05
2018-03-09,13:42
2018-03-09,12:08
2018-03-09,12:05
2018-03-09,11:05
2018-03-09,10:13
2018-03-09,8:37
2018-03-09,8:35
2018-03-09,7:35
2018-03-09,7:00
2018-03-09,6:53
2018-03-09,6:30
2018-03-09,0:40
2018-03-09,0:05
2018-03-09,0:05
2018-03-09,0:00
2018-03-09,0:00
2018-03-09,0:00
2018-03-09,0:00
2018-03-09,0:00
2018-03-09,0:00
2018-03-09,0:00
2018-03-09,0:00
2018-03-09,0:00
2018-03-09,0:00
2018-03-09,0:00
2018-03-09,0:00
2018-03-09,0:00
2018-03-09,0:00
2018-03-08,23:59
2018-03-08,23:59
2018-03-08,23:59
2018-03-08,23:59
2018-03-08,23:59
2018-03-08,23:58
2018-03-08,21:44
2018-03-08,21:15
2018-03-08,20:58
2018-03-08,20:00
2018-03-08,19:40
2018-03-08,18:58
2018-03-08,18:45
2018-03-08,18:39
2018-03-08,18:28
2018-03-08,17:56
2018-03-08,17:30
2018-03-08,16:50
2018-03-08,16:38
2018-03-08,16:22
2018-03-08,16:05
2018-03-08,15:40
2018-03-08,15:38
2018-03-08,15:28
2018-03-08,15:22
2018-03-08,15:15
2018-03-08,15:10
2018-03-08,15:00
2018-03-08,14:57
2018-03-08,14:09
2018-03-08,14:05
2018-03-08,14:05
2018-03-08,14:00
2018-03-08,13:46
2018-03-08,13:05
2018-03-08,12:15
2018-03-08,12:07
2018-03-08,12:00
2018-03-08,10:17
2018-03-08,9:54
2018-03-08,7:18
2018-03-08,7:16
2018-03-08,7:15
2018-03-08,7:00
2018-03-08,6:30
2018-03-08,0:05
2018-03-08,0:05
2018-03-08,0:05
2018-03-08,0:05
2018-03-08,0:00
2018-03-08,0:00
2018-03-08,0:00
2018-03-08,0:00
2018-03-08,0:00
2018-03-08,0:00
2018-03-08,0:00
2018-03-08,0:00
2018-03-07,23:55
2018-03-07,23:55
2018-03-07,23:01
2018-03-07,22:04
2018-03-07,22:04
2018-03-07,21:48
2018-03-07,21:47
2018-03-07,21:38
2018-03-07,21:29
2018-03-07,21:19
2018-03-07,21:15
2018-03-07,20:58
2018-03-07,20:57
2018-03-07,20:48
2018-03-07,20:43
2018-03-07,20:36
2018-03-07,19:58
2018-03-07,19:05
2018-03-07,18:58
2018-03-07,18:45
2018-03-07,18:32
2018-03-07,18:00
2018-03-07,17:58
2018-03-07,17:44
2018-03-07,17:00
2018-03-07,16:58
2018-03-07,16:05
2018-03-07,16:00
2018-03-07,15:46
2018-03-07,15:26
2018-03-07,15:10
2018-03-07,15:00
2018-03-07,14:49
2018-03-07,14:38
2018-03-07,14:37
2018-03-07,14:16
2018-03-07,14:11
2018-03-07,13:50
2018-03-07,13:14
2018-03-07,13:05
2018-03-07,13:00
2018-03-07,12:52
2018-03-07,12:22
2018-03-07,12:15
2018-03-07,12:05
2018-03-07,12:00
2018-03-07,12:00
2018-03-07,11:07
2018-03-07,10:50
2018-03-07,10:40
2018-03-07,10:39
2018-03-07,10:05
2018-03-07,10:00
2018-03-07,10:00
2018-03-07,9:30
2018-03-07,9:30
2018-03-07,9:00
2018-03-07,8:00
2018-03-07,7:56
2018-03-07,7:51
2018-03-07,7:30
2018-03-07,7:30
2018-03-07,7:15
2018-03-07,7:00
2018-03-07,6:53
2018-03-07,6:30
2018-03-07,0:15
2018-03-07,0:15
2018-03-07,0:05
2018-03-07,0:05
2018-03-07,0:05
2018-03-07,0:05
2018-03-07,0:00
2018-03-07,0:00
2018-03-07,0:00
2018-03-07,0:00
2018-03-07,0:00
2018-03-06,23:59
2018-03-06,23:59
2018-03-06,21:28
2018-03-06,19:58
2018-03-06,19:33
2018-03-06,18:58
2018-03-06,18:58
2018-03-06,18:51
2018-03-06,18:45
2018-03-06,18:00
2018-03-06,17:17
2018-03-06,17:00
2018-03-06,16:26
2018-03-06,16:00
2018-03-06,15:10
2018-03-06,15:00
2018-03-06,14:05
2018-03-06,14:03
2018-03-06,14:00
2018-03-06,13:05
2018-03-06,12:00
2018-03-06,11:00
2018-03-06,10:14
2018-03-06,10:13
2018-03-06,10:12
2018-03-06,10:00
2018-03-06,10:00
2018-03-06,10:00
2018-03-06,9:56
2018-03-06,9:23
2018-03-06,9:07
2018-03-06,9:00
2018-03-06,8:56
2018-03-06,8:31
2018-03-06,8:30
2018-03-06,8:20
2018-03-06,8:15
2018-03-06,8:07
2018-03-06,8:05
2018-03-06,8:05
2018-03-06,8:02
2018-03-06,6:54
2018-03-06,6:45
2018-03-06,0:00
2018-03-06,0:00
2018-03-06,0:00
2018-03-05,23:55
2018-03-05,18:02
2018-03-05,7:15
2018-03-05,0:01
2018-03-05,0:01
2018-03-05,0:00
2018-03-05,0:00
2018-03-04,23:55
2018-03-04,18:07
2018-03-04,17:05
2018-03-04,12:05
2018-03-04,11:56
2018-03-03,13:41
2018-03-03,12:05
2018-03-03,11:05
2018-03-03,0:00
2018-03-03,0:00
2018-03-02,23:59
2018-03-02,19:30
2018-03-02,18:28
2018-03-02,15:10
2018-03-02,14:52
2018-03-02,14:05
2018-03-02,12:54
2018-03-02,11:05
2018-03-02,9:00
2018-03-02,8:00
2018-03-02,0:05
2018-03-02,0:05
2018-03-02,0:00
2018-03-02,0:00
2018-03-01,23:59
2018-03-01,23:55
2018-03-01,22:12
2018-03-01,18:45
2018-03-01,18:45
2018-03-01,16:13
2018-03-01,12:00
2018-03-01,9:18
2018-03-01,8:29
2018-03-01,8:29
2018-03-01,7:00
2018-03-01,0:00
2018-03-01,0:00
2018-03-01,0:00
2018-03-01,0:00
2018-03-01,0:00
2018-03-01,0:00
2018-03-01,0:00
2018-03-01,0:00
2018-02-28,23:55
2018-02-28,13:38
2018-02-28,13:05
2018-02-28,9:56
2018-02-28,9:29
2018-02-28,8:43
2018-02-28,5:54
2018-02-28,0:25
2018-02-28,0:25
2018-02-28,0:05
2018-02-28,0:05
2018-02-28,0:00
2018-02-28,0:00
2018-02-28,0:00
2018-02-28,0:00
2018-02-28,0:00
2018-02-28,0:00
2018-02-27,23:08
2018-02-27,18:45
2018-02-27,14:05
2018-02-27,0:00
2018-02-27,0:00
2018-02-27,0:00
2018-02-26,23:55
2018-02-26,18:45
2018-02-26,0:09
2018-02-26,0:09
2018-02-26,0:00
2018-02-25,18:13
2018-02-24,20:49
2018-02-23,21:43
2018-02-23,0:00
2018-02-23,0:00
2018-02-22,19:02
2018-02-22,18:54
2018-02-22,6:00
2018-02-22,4:43
2018-02-22,0:00
2018-02-22,0:00
2018-02-22,0:00
2018-02-22,0:00
2018-02-21,23:55
2018-02-21,0:25
2018-02-21,0:25
2018-02-21,0:00
2018-02-21,0:00
2018-02-20,0:00
2018-02-20,0:00
2018-02-20,0:00
2018-02-20,0:00
2018-02-19,23:55
2018-02-19,16:05
2018-02-19,16:00
2018-02-19,12:05
2018-02-19,12:05
2018-02-19,12:05
2018-02-19,12:03
2018-02-19,11:08
2018-02-19,10:25
2018-02-19,10:00
2018-02-19,9:56
2018-02-19,9:00
2018-02-19,9:00
2018-02-19,8:56
2018-02-19,8:46
2018-02-19,8:37
2018-02-19,8:00
2018-02-19,8:00
2018-02-19,0:00
2018-02-19,0:00
2018-02-18,23:55
2018-02-18,23:55
2018-02-18,14:05
2018-02-17,11:20
2018-02-16,20:01
2018-02-16,18:45
2018-02-15,17:00
2018-02-15,12:19
2018-02-15,12:00
2018-02-15,10:00
2018-02-15,10:00
2018-02-15,9:00
2018-02-15,9:00
2018-02-15,8:30
2018-02-15,8:05
2018-02-15,8:00
2018-02-15,8:00
2018-02-15,7:30
2018-02-15,7:00
2018-02-15,6:53
2018-02-15,0:00
2018-02-15,0:00
2018-02-15,0:00
2018-02-15,0:00
2018-02-15,0:00
2018-02-15,0:00
2018-02-15,0:00
2018-02-14,23:55
2018-02-14,0:25
2018-02-14,0:25
2018-02-14,0:00
2018-02-14,0:00
2018-02-14,0:00
2018-02-13,23:55
2018-02-13,15:00
2018-02-13,14:12
2018-02-13,12:16
2018-02-13,11:11
2018-02-13,9:38
2018-02-13,8:23
2018-02-13,7:30
2018-02-13,6:53
2018-02-13,0:05
2018-02-13,0:05
2018-02-13,0:00
2018-02-13,0:00
2018-02-13,0:00
2018-02-12,23:55
2018-02-12,19:05
2018-02-12,19:00
2018-02-12,18:00
2018-02-12,17:55
2018-02-12,17:00
2018-02-12,16:00
2018-02-12,12:15
2018-02-12,11:42
2018-02-12,11:17
2018-02-12,11:02
2018-02-12,10:23
2018-02-12,0:06
2018-02-12,0:00
2018-02-11,21:24
2018-02-11,20:58
2018-02-10,10:34
2018-02-10,10:23
2018-02-10,5:54
2018-02-09,21:21
2018-02-09,19:58
2018-02-09,19:28
2018-02-09,9:23
2018-02-09,9:17
2018-02-09,9:08
2018-02-09,6:00
2018-02-09,0:00
2018-02-09,0:00
2018-02-09,0:00
2018-02-08,23:58
2018-02-08,23:55
2018-02-08,19:40
2018-02-08,17:46
2018-02-08,17:37
2018-02-08,16:23
2018-02-08,12:33
2018-02-08,9:30
2018-02-08,9:30
2018-02-08,9:00
2018-02-08,8:42
2018-02-08,8:00
2018-02-08,6:53
2018-02-08,0:00
2018-02-08,0:00
2018-02-07,11:10
2018-02-07,0:25
2018-02-07,0:25
2018-02-07,0:25
2018-02-07,0:05
2018-02-07,0:05
2018-02-07,0:00
2018-02-07,0:00
2018-02-07,0:00
2018-02-07,0:00
2018-02-07,0:00
2018-02-06,23:59
2018-02-06,19:16
2018-02-06,18:30
2018-02-06,10:15
2018-02-06,0:00
2018-02-06,0:00
2018-02-06,0:00
2018-02-05,23:59
2018-02-05,16:05
2018-02-05,15:47
2018-02-05,15:28
2018-02-05,14:53
2018-02-05,14:11
2018-02-05,11:09
2018-02-05,10:05
2018-02-05,0:00
2018-02-04,16:12
2018-02-04,16:09
2018-02-04,16:00
2018-02-04,16:00
2018-02-04,15:00
2018-02-04,14:00
2018-02-04,14:00
2018-02-04,13:40
2018-02-04,13:00
2018-02-04,13:00
2018-02-04,12:05
2018-02-04,12:00
2018-02-04,11:50
2018-02-04,10:11
2018-02-03,12:00
2018-02-03,11:05
2018-02-03,0:00
2018-02-02,19:00
2018-02-02,17:30
2018-02-02,17:00
2018-02-02,17:00
2018-02-02,16:05
2018-02-02,16:00
2018-02-02,13:00
2018-02-02,12:17
2018-02-02,11:05
2018-02-02,8:53
2018-02-02,7:20
2018-02-02,3:40
2018-02-02,0:05
2018-02-02,0:05
2018-02-02,0:00
2018-02-02,0:00
2018-02-02,0:00
2018-02-02,0:00
2018-02-01,23:40
2018-02-01,20:28
2018-02-01,17:25
2018-02-01,17:22
2018-02-01,17:00
2018-02-01,16:09
2018-02-01,16:05
2018-02-01,15:47
2018-02-01,15:35
2018-02-01,15:11
2018-02-01,15:10
2018-02-01,15:00
2018-02-01,14:37
2018-02-01,14:30
2018-02-01,14:28
2018-02-01,14:05
2018-02-01,13:54
2018-02-01,12:44
2018-02-01,12:43
2018-02-01,12:16
2018-02-01,10:30
2018-02-01,9:26
2018-02-01,8:36
2018-02-01,8:14
2018-02-01,8:00
2018-02-01,7:56
2018-02-01,7:30
2018-02-01,6:00
2018-02-01,6:00
2018-02-01,3:50
2018-02-01,0:00
2018-02-01,0:00
2018-02-01,0:00
2018-02-01,0:00
2018-02-01,0:00
2018-01-31,23:50
2018-01-31,21:38
2018-01-31,20:58
2018-01-31,20:43
2018-01-31,20:26
2018-01-31,19:58
2018-01-31,18:58
2018-01-31,18:58
2018-01-31,18:43
2018-01-31,18:28
2018-01-31,18:00
2018-01-31,18:00
2018-01-31,17:18
2018-01-31,17:00
2018-01-31,16:05
2018-01-31,15:25
2018-01-31,15:10
2018-01-31,14:00
2018-01-31,13:48
2018-01-31,13:14
2018-01-31,13:14
2018-01-31,13:00
2018-01-31,12:51
2018-01-31,12:29
2018-01-31,12:11
2018-01-31,6:53
2018-01-31,0:12
2018-01-31,0:00
2018-01-30,21:00
2018-01-30,20:58
2018-01-30,19:58
2018-01-30,18:58
2018-01-30,16:09
2018-01-30,6:53
2018-01-30,0:27
2018-01-30,0:27
2018-01-30,0:05
2018-01-30,0:05
2018-01-29,21:38
2018-01-29,20:58
2018-01-29,13:05
2018-01-29,12:50
2018-01-29,12:28
2018-01-27,9:30
2018-01-27,9:30
2018-01-26,18:45
2018-01-25,13:05
2018-01-25,13:00
2018-01-25,0:00
2018-01-25,0:00
2018-01-24,0:00
2018-01-24,0:00
2018-01-23,23:56
2018-01-23,0:00
2018-01-23,0:00
2018-01-22,23:55
2018-01-22,18:07
2018-01-22,17:50
2018-01-22,13:04
2018-01-22,10:34
2018-01-22,9:58
2018-01-22,6:53
2018-01-22,0:00
2018-01-22,0:00
2018-01-21,23:59
2018-01-21,11:48
2018-01-21,11:36
2018-01-19,15:52
2018-01-19,15:00
2018-01-19,14:00
2018-01-19,13:00
2018-01-19,12:56
2018-01-19,12:15
2018-01-19,12:00
2018-01-19,11:54
2018-01-19,0:00
2018-01-19,0:00
2018-01-18,18:58
2018-01-18,18:45
2018-01-18,18:14
2018-01-18,17:00
2018-01-18,17:00
2018-01-18,16:52
2018-01-18,15:21
2018-01-18,13:05
2018-01-18,12:58
2018-01-18,12:37
2018-01-18,12:15
2018-01-18,12:00
2018-01-18,11:22
2018-01-18,9:00
2018-01-18,9:00
2018-01-18,9:00
2018-01-18,8:30
2018-01-18,8:00
2018-01-18,8:00
2018-01-18,7:56
2018-01-18,7:30
2018-01-18,7:30
2018-01-18,7:30
2018-01-18,6:53
2018-01-18,6:30
2018-01-18,0:00
2018-01-18,0:00
2018-01-17,22:19
2018-01-17,21:48
2018-01-17,20:58
2018-01-17,18:35
2018-01-17,18:29
2018-01-17,18:28
2018-01-17,18:27
2018-01-17,17:00
2018-01-17,16:58
2018-01-17,16:00
2018-01-17,0:25
2018-01-17,0:00
2018-01-15,17:30
2018-01-15,7:57
2018-01-15,0:00
2018-01-12,11:39
2018-01-12,0:00
2018-01-11,14:33
2018-01-11,14:33
2018-01-10,19:48
2018-01-10,14:00
2018-01-10,11:45
2018-01-10,0:09
2018-01-10,0:00
2018-01-09,13:30
2018-01-09,12:48
2018-01-09,12:22
2018-01-06,10:48
2018-01-06,10:33
2018-01-06,0:55
2018-01-06,0:00
2018-01-06,0:00
2018-01-04,15:10
2018-01-04,0:00
2018-01-04,0:00
2018-01-04,0:00
2018-01-03,23:17
2018-01-03,19:00
2018-01-03,13:05
2018-01-03,12:00
2018-01-01,14:05
2018-01-01,0:00
2018-01-01,0:00
2017-12-30,14:05
2017-12-30,0:01
2017-12-30,0:00
2017-12-30,0:00
2017-12-30,0:00
2017-12-29,7:15
2017-12-29,0:05
2017-12-29,0:00
2017-12-28,0:00
2017-12-27,16:05
2017-12-23,8:00
2017-12-22,14:09
2017-12-22,10:52
2017-12-22,0:00
2017-12-22,0:00
2017-12-22,0:00
2017-12-21,16:26
2017-12-21,16:26
2017-12-21,9:43
2017-12-21,0:00
2017-12-20,20:28
2017-12-20,16:11
2017-12-20,14:20
2017-12-20,8:28
2017-12-20,0:00
2017-12-19,13:54
2017-12-17,15:05
2017-12-17,12:05
2017-12-14,9:00
2017-12-14,0:00
2017-12-14,0:00
2017-12-14,0:00
2017-12-14,0:00
2017-12-14,0:00
2017-12-14,0:00
2017-12-14,0:00
2017-12-14,0:00
2017-12-13,16:48
2017-12-13,16:48
2017-12-13,14:53
2017-12-13,0:20
2017-12-13,0:00
2017-12-13,0:00
2017-12-12,14:05
2017-12-12,11:23
2017-12-12,11:04
2017-12-12,11:00
2017-12-12,8:11
2017-12-12,6:59
2017-12-12,6:59
2017-12-12,0:00
2017-12-12,0:00
2017-12-11,20:06
2017-12-11,18:58
2017-12-11,15:27
2017-12-11,14:45
2017-12-11,10:45
2017-12-11,10:21
2017-12-11,6:00
2017-12-11,0:00
2017-12-11,0:00
2017-12-11,0:00
2017-12-09,0:10
2017-12-09,0:00
2017-12-08,18:00
2017-12-08,16:47
2017-12-08,15:57
2017-12-08,15:00
2017-12-08,12:01
2017-12-08,11:02
2017-12-08,6:38
2017-12-08,6:00
2017-12-07,15:57
2017-12-07,15:44
2017-12-07,15:44
2017-12-07,15:00
2017-12-07,14:09
2017-12-07,0:00
2017-12-07,0:00
2017-12-06,8:19
2017-12-06,0:00
2017-12-06,0:00
2017-12-06,0:00
2017-12-06,0:00
2017-12-05,20:00
2017-12-05,18:40
2017-12-05,13:22
2017-12-05,9:43
2017-12-05,0:05
2017-12-05,0:00
2017-12-05,0:00
2017-12-03,15:05
2017-12-01,0:00
2017-12-01,0:00
2017-11-30,0:00
2017-11-30,0:00
2017-11-30,0:00
2017-11-30,0:00
2017-11-24,0:05
2017-11-23,0:00
2017-11-22,11:56
2017-11-22,0:00
2017-11-21,16:30
2017-11-21,11:44
2017-11-21,0:00
2017-11-20,13:47
2017-11-18,12:05
2017-11-14,0:05
2017-11-14,0:00
2017-11-09,0:00
2017-11-08,11:48
2017-11-08,0:05
2017-11-08,0:00
2017-11-07,18:45
2017-11-02,17:00
2017-11-02,16:00
2017-11-02,14:26
2017-10-26,9:05
2017-10-26,0:00
2017-10-26,0:00
2017-10-26,0:00
2017-10-25,18:45
2017-10-25,15:10
2017-10-20,15:25
2017-10-19,16:05
2017-10-18,14:00
2017-10-18,0:00
2017-10-18,0:00
2017-10-17,23:59
2017-10-15,19:39
2017-10-13,14:20
2017-10-12,15:11
2017-10-12,12:30
2017-10-12,0:00
2017-10-12,0:00
2017-10-11,23:58
2017-10-11,19:21
2017-10-11,18:45
2017-10-11,15:30
2017-10-11,14:39
2017-10-11,14:37
2017-10-11,13:05
2017-10-11,9:35
2017-10-11,8:50
2017-10-11,0:20
2017-10-11,0:00
2017-10-11,0:00
2017-10-10,23:55
2017-10-10,19:43
2017-10-10,12:25
2017-10-10,0:00
2017-10-09,15:00
2017-10-09,13:00
2017-10-09,12:34
2017-10-09,12:03
2017-10-09,12:00
2017-10-09,12:00
2017-10-09,11:48
2017-10-06,0:00
2017-10-05,14:05
2017-10-05,11:02
2017-10-05,0:00
2017-10-04,7:23
2017-10-04,0:00
2017-10-04,0:00
2017-10-04,0:00
2017-10-04,0:00
2017-10-04,0:00
2017-10-03,0:00
2017-10-01,0:00
2017-09-26,0:00
2017-09-25,10:44
2017-09-25,9:00
2017-09-25,8:28
2017-09-25,8:00
2017-09-25,7:23
2017-09-25,7:14
2017-09-23,0:00
2017-09-22,23:59
2017-09-20,18:00
2017-09-20,15:17
2017-09-20,15:00
2017-09-20,0:00
2017-09-19,18:43
2017-09-19,17:00
2017-09-19,12:38
2017-09-19,12:29
2017-09-19,12:25
2017-09-19,12:00
2017-09-19,10:35
2017-09-19,10:00
2017-09-19,9:00
2017-09-19,9:00
2017-09-19,9:00
2017-09-19,8:46
2017-09-19,8:33
2017-09-19,8:28
2017-09-18,0:00
2017-09-15,9:37
2017-09-13,14:05
2017-09-12,0:00
2017-09-07,0:00
2017-09-04,15:35
2017-09-04,0:00
2017-09-02,12:05
2017-09-02,11:05
2017-09-01,0:00
2017-09-01,0:00
2017-09-01,0:00
2017-08-31,9:34
2017-08-31,0:00
2017-08-31,0:00
2017-08-31,0:00
2017-08-30,14:33
2017-08-30,0:00
2017-08-29,20:58
2017-08-26,13:00
2017-08-23,11:00
2017-08-23,0:00
2017-08-23,0:00
2017-08-20,12:05
2017-08-19,14:05
2017-08-18,18:00
2017-08-18,16:06
2017-08-18,0:00
2017-08-18,0:00
2017-08-17,19:05
2017-08-17,19:02
2017-08-17,17:03
2017-08-17,17:03
2017-08-17,12:00
2017-08-17,8:55
2017-08-17,8:45
2017-08-17,8:24
2017-08-17,0:05
2017-08-17,0:00
2017-08-17,0:00
2017-08-09,12:31
2017-08-08,15:49
2017-08-04,10:33
2017-08-01,0:00
2017-08-01,0:00
2017-07-30,17:15
2017-07-18,0:00
2017-07-15,0:00
2017-07-14,0:00
2017-07-10,13:25
2017-07-01,0:00
2017-07-01,0:00
2017-07-01,0:00
2017-06-30,12:15
2017-06-29,13:05
2017-06-29,0:00
2017-06-28,11:50
2017-06-28,11:35
2017-06-28,9:43
2017-06-27,19:57
2017-06-27,17:57
2017-06-26,14:34
2017-06-26,14:00
2017-06-26,13:23
2017-06-26,0:00
2017-06-25,7:15
2017-06-22,14:08
2017-06-22,13:04
2017-06-22,0:00
2017-06-22,0:00
2017-06-21,23:59
2017-06-21,23:59
2017-06-21,8:25
2017-06-20,15:51
2017-06-20,12:00
2017-06-20,12:00
2017-06-17,9:37
2017-06-17,8:28
2017-06-17,8:25
2017-06-17,8:25
2017-06-16,12:06
2017-06-16,12:00
2017-06-16,11:05
2017-06-13,11:37
2017-06-13,8:00
2017-06-13,7:37
2017-06-09,9:45
2017-06-08,12:45
2017-06-07,19:57
2017-06-06,16:25
2017-06-05,0:00
2017-06-04,10:11
2017-06-03,0:00
2017-06-02,18:40
2017-06-01,14:42
2017-06-01,0:00
2017-06-01,0:00
2017-05-31,15:10
2017-05-26,6:00
2017-05-26,0:00
2017-05-26,0:00
2017-05-25,0:00
2017-05-25,0:00
2017-05-25,0:00
2017-05-25,0:00
2017-05-23,0:00
2017-05-22,15:30
2017-05-22,14:02
2017-05-22,0:00
2017-05-20,8:28
2017-05-20,0:00
2017-05-19,12:35
2017-05-19,0:00
2017-05-18,0:00
2017-05-17,17:57
2017-05-17,12:52
2017-05-17,12:00
2017-05-17,10:28
2017-05-17,9:10
2017-05-15,18:42
2017-05-15,13:05
2017-05-15,12:23
2017-05-15,0:00
2017-05-15,0:00
2017-05-13,21:26
2017-05-13,18:33
2017-05-13,18:05
2017-05-13,18:00
2017-05-13,17:19
2017-05-13,12:00
2017-05-13,11:48
2017-05-13,11:15
2017-05-13,11:00
2017-05-12,12:00
2017-05-12,9:30
2017-05-12,9:24
2017-05-12,9:11
2017-05-12,0:00
2017-05-12,0:00
2017-05-12,0:00
2017-05-12,0:00
2017-05-12,0:00
2017-05-12,0:00
2017-05-12,0:00
2017-05-12,0:00
2017-05-12,0:00
2017-05-12,0:00
2017-05-11,18:42
2017-05-11,18:27
2017-05-11,17:00
2017-05-11,15:00
2017-05-11,14:17
2017-05-11,13:35
2017-05-11,13:00
2017-05-11,12:00
2017-05-11,12:00
2017-05-11,11:52
2017-05-11,11:52
2017-05-11,11:09
2017-05-11,9:00
2017-05-11,8:00
2017-05-11,7:30
2017-05-11,4:00
2017-05-11,0:00
2017-05-11,0:00
2017-05-11,0:00
2017-05-10,18:54
2017-05-09,20:55
2017-05-09,18:00
2017-05-09,9:04
2017-05-09,0:00
2017-05-08,18:42
2017-05-05,15:32
2017-05-05,15:00
2017-05-05,6:23
2017-05-05,0:00
2017-05-04,0:00
2017-05-04,0:00
2017-05-03,18:42
2017-05-03,17:00
2017-05-03,12:22
2017-05-02,17:28
2017-05-01,18:57
2017-05-01,18:42
2017-05-01,13:00
2017-05-01,12:35
2017-05-01,11:00
2017-05-01,11:00
2017-05-01,9:30
2017-05-01,8:52
2017-05-01,0:00
2017-04-30,12:05
2017-04-27,0:00
2017-04-27,0:00
2017-04-27,0:00
2017-04-27,0:00
2017-04-26,14:00
2017-04-26,13:00
2017-04-26,12:42
2017-04-26,12:25
2017-04-25,23:00
2017-04-25,0:00
2017-04-24,0:00
2017-04-24,0:00
2017-04-23,19:17
2017-04-21,7:15
2017-04-21,0:00
2017-04-21,0:00
2017-04-20,17:49
2017-04-20,17:49
2017-04-20,16:04
2017-04-20,0:00
2017-04-18,0:00
2017-04-13,18:04
2017-04-13,14:05
2017-04-13,12:28
2017-04-13,7:00
2017-04-13,0:00
2017-04-13,0:00
2017-04-12,15:20
2017-04-12,14:11
2017-04-12,10:17
2017-04-10,7:15
2017-04-10,6:52
2017-04-10,0:05
2017-04-10,0:00
2017-04-07,12:55
2017-04-07,12:00
2017-04-07,11:30
2017-04-07,11:00
2017-04-07,10:00
2017-04-07,0:05
2017-04-07,0:00
2017-04-07,0:00
2017-04-06,0:00
2017-04-05,11:00
2017-04-04,0:00
2017-04-03,18:42
2017-04-03,18:00
2017-04-03,15:00
2017-04-03,14:52
2017-04-03,13:00
2017-04-03,12:00
2017-04-03,11:06
2017-04-03,11:05
2017-04-03,8:02
2017-04-03,0:00
2017-03-30,8:32
2017-03-28,15:41
2017-03-28,15:35
2017-03-27,18:01
2017-03-24,0:00
2017-03-24,0:00
2017-03-23,15:00
2017-03-23,10:25
2017-03-23,10:09
2017-03-23,7:57
2017-03-23,0:12
2017-03-23,0:05
2017-03-23,0:05
2017-03-23,0:00
2017-03-23,0:00
2017-03-23,0:00
2017-03-23,0:00
2017-03-23,0:00
2017-03-23,0:00
2017-03-23,0:00
2017-03-22,20:57
2017-03-22,19:57
2017-03-22,18:27
2017-03-22,18:27
2017-03-22,17:57
2017-03-22,16:53
2017-03-22,15:00
2017-03-22,13:05
2017-03-22,12:39
2017-03-22,11:29
2017-03-22,11:05
2017-03-22,11:00
2017-03-22,10:44
2017-03-22,10:36
2017-03-07,17:30
2017-03-04,0:00
2017-03-03,19:41
2017-03-03,0:00
2017-03-01,15:16
2017-03-01,0:00
2017-03-01,0:00
2017-02-23,0:00
2017-02-22,0:00
2017-02-21,15:15
2017-02-21,12:07
2017-02-21,11:56
2017-02-21,11:47
2017-02-16,15:55
2017-02-07,7:15
2017-02-07,0:00
2017-02-03,10:49
2017-02-03,0:00
2017-02-02,0:00
2017-01-30,17:15
2017-01-30,0:00
2017-01-27,17:00
2017-01-27,12:07
2017-01-27,12:00
2017-01-27,11:04
2017-01-27,10:00
2017-01-27,9:51
2017-01-27,8:45
2017-01-26,9:43
2017-01-26,9:36
2017-01-26,0:00
2017-01-26,0:00
2017-01-26,0:00
2017-01-26,0:00
2017-01-26,0:00
2017-01-26,0:00
2017-01-26,0:00
2017-01-26,0:00
2017-01-26,0:00
2017-01-23,0:00
2017-01-18,13:05
2017-01-16,14:08
2017-01-16,7:35
2017-01-15,13:00
2017-01-14,14:18
2017-01-13,0:00
2017-01-13,0:00
2017-01-12,16:34
2017-01-12,15:25
2017-01-12,13:43
2017-01-12,9:18
2017-01-12,9:03
2017-01-12,0:00
2017-01-12,0:00
2017-01-11,23:50
2017-01-11,18:00
2017-01-11,17:30
2017-01-11,17:00
2017-01-11,16:51
2017-01-11,16:25
2017-01-11,16:15
2017-01-11,13:05
2017-01-11,8:42
2017-01-11,0:05
2017-01-11,0:00
2017-01-11,0:00
2017-01-10,19:59
2017-01-10,19:10
2017-01-10,19:10
2017-01-10,18:10
2017-01-10,18:10
2017-01-10,17:59
2017-01-10,16:31
2017-01-10,15:09
2017-01-10,14:16
2017-01-10,14:12
2017-01-10,11:55
2017-01-10,11:46
2017-01-10,11:43
2017-01-10,11:43
2017-01-10,11:21
2017-01-10,10:10